pais_id,año,basura_id,cantidad
ax,2023,b9,77
ag,2023,b9,0
ar,2023,b9,170
au,2023,b9,747
at,2023,b9,0
bs,2023,b9,354
bd,2023,b9,7
bb,2023,b9,393
be,2023,b9,0
bz,2023,b9,451
Bermuda,2023,b9,5
Bonaire,2023,b9,1
bw,2023,b9,0
br,2023,b9,3
vg,2023,b9,13
bn,2023,b9,638
kh,2023,b9,54
cm,2023,b9,0
ca,2023,b9,84
ky,2023,b9,34
cl,2023,b9,51
cn,2023,b9,1
co,2023,b9,438
cr,2023,b9,43
hr,2023,b9,0
cu,2023,b9,0
cy,2023,b9,999
cz,2023,b9,18
dk,2023,b9,16
do,2023,b9,68
ec,2023,b9,10
eg,2023,b9,1
fj,2023,b9,0
fi,2023,b9,24
fr,2023,b9,22
pf,2023,b9,0
gm,2023,b9,0
de,2023,b9,118
gh,2023,b9,7
gr,2023,b9,26
gd,2023,b9,1
Guam,2023,b9,1
gt,2023,b9,0
gy,2023,b9,268
hn,2023,b9,3
hk,2023,b9,633
hu,2023,b9,0
in,2023,b9,105
id,2023,b9,10
ie,2023,b9,4
il,2023,b9,0
it,2023,b9,8
jm,2023,b9,8
jp,2023,b9,8
jo,2023,b9,0
ke,2023,b9,282
ki,2023,b9,0
kw,2023,b9,0
lv,2023,b9,6
lt,2023,b9,163
mw,2023,b9,0
my,2023,b9,53
Maldives,2023,b9,0
Malta,2023,b9,501
mx,2023,b9,12
me,2023,b9,0
ma,2023,b9,325
mz,2023,b9,131
Myanmar (Burma),2023,b9,0
np,2023,b9,0
nl,2023,b9,52
nz,2023,b9,1
ni,2023,b9,1
ng,2023,b9,563
Northern Mariana,2023,b9,1
Islands,2023,b9,0
no,2023,b9,10
pk,2023,b9,3
pa,2023,b9,51
pe,2023,b9,4
ph,2023,b9,78
pl,2023,b9,9
pt,2023,b9,8
pr,2023,b9,37
Saba,2023,b9,0
ws,2023,b9,0
sa,2023,b9,60
sc,2023,b9,577
sl,2023,b9,0
sg,2023,b9,1
Sint Eustatius,2023,b9,15
Sint Maarten,2023,b9,105
si,2023,b9,9
sb,2023,b9,4
za,2023,b9,1
kr,2023,b9,7
es,2023,b9,109
lk,2023,b9,1
St Kitts & Nevis,2023,b9,7
St Lucia,2023,b9,30
St Vincent and the Grenadines,2023,b9,0
se,2023,b9,0
ch,2023,b9,2
tw,2023,b9,9
tz,2023,b9,272
th,2023,b9,715
Tonga,2023,b9,2
tt,2023,b9,3
tr,2023,b9,39
U.S. Virgin Islands,2023,b9,1
ug,2023,b9,54
ae,2023,b9,2
gb,2023,b9,11
us,2023,b9,385
uy,2023,b9,0
vu,2023,b9,40
ve,2023,b9,26
vn,2023,b9,384
Wallis and Futuna,2023,b9,10
ax,2022,b9,0
ao,2022,b9,1
ag,2022,b9,15
au,2022,b9,4
bs,2022,b9,406
bd,2022,b9,17
bb,2022,b9,433
bz,2022,b9,931
Bermuda,2022,b9,2
Bonaire,2022,b9,1
br,2022,b9,702
vg,2022,b9,10
bn,2022,b9,136
cm,2022,b9,3
ca,2022,b9,280
ky,2022,b9,0
cl,2022,b9,40
cn,2022,b9,4
co,2022,b9,518
cr,2022,b9,41
hr,2022,b9,1
Curaçao,2022,b9,0
cy,2022,b9,239
do,2022,b9,80
ec,2022,b9,11
eg,2022,b9,15
fi,2022,b9,27
fr,2022,b9,7
gm,2022,b9,4
de,2022,b9,917
gh,2022,b9,56
gr,2022,b9,50
Guam,2022,b9,2
Guernsey,2022,b9,24
hk,2022,b9,2
is,2022,b9,33
in,2022,b9,30
id,2022,b9,25
ie,2022,b9,4
il,2022,b9,78
it,2022,b9,965
jm,2022,b9,3
jp,2022,b9,6
ke,2022,b9,58
kw,2022,b9,0
my,2022,b9,62
Maldives,2022,b9,1
Malta,2022,b9,9
mr,2022,b9,0
Mauritius,2022,b9,361
mx,2022,b9,275
ma,2022,b9,5
nl,2022,b9,805
nz,2022,b9,0
ni,2022,b9,77
ng,2022,b9,83
Northern Mariana Islands,2022,b9,2
no,2022,b9,3
om,2022,b9,9
pa,2022,b9,147
pe,2022,b9,4
ph,2022,b9,50
pl,2022,b9,10
pt,2022,b9,23
pr,2022,b9,21
ro,2022,b9,0
ws,2022,b9,0
sc,2022,b9,583
sl,2022,b9,217
sg,2022,b9,2
Sint Eustatius,2022,b9,0
Sint Maarten,2022,b9,506
sb,2022,b9,108
za,2022,b9,1
kr,2022,b9,16
es,2022,b9,81
lk,2022,b9,3
St Kitts & Nevis,2022,b9,19
St Lucia,2022,b9,46
St Vincent and the Grenadines,2022,b9,45
se,2022,b9,114
tw,2022,b9,6
tz,2022,b9,936
th,2022,b9,3
tt,2022,b9,1
tr,2022,b9,4
U.S. Virgin Islands,2022,b9,1
ug,2022,b9,360
ae,2022,b9,38
gb,2022,b9,10
us,2022,b9,542
uy,2022,b9,4
vu,2022,b9,29
ve,2022,b9,16
vn,2022,b9,1
Wallis and Futuna,2022,b9,14
dz,2021,b9,0
American ws,2021,b9,547
ag,2021,b9,9
ar,2021,b9,0
Aruba,2021,b9,0
au,2021,b9,4
az,2021,b9,0
bd,2021,b9,11
bz,2021,b9,135
Bermuda,2021,b9,1
Bonaire,2021,b9,4
br,2021,b9,7
vg,2021,b9,36
bg,2021,b9,0
kh,2021,b9,6
cm,2021,b9,4
ca,2021,b9,88
cl,2021,b9,82
cn,2021,b9,6
co,2021,b9,45
cr,2021,b9,2
hr,2021,b9,3
cy,2021,b9,375
cz,2021,b9,0
dk,2021,b9,0
do,2021,b9,314
ec,2021,b9,8
eg,2021,b9,88
sv,2021,b9,0
fi,2021,b9,3
fr,2021,b9,5
de,2021,b9,15
gh,2021,b9,0
gr,2021,b9,29
Guam,2021,b9,0
gt,2021,b9,6
gy,2021,b9,16
hk,2021,b9,211
hu,2021,b9,0
is,2021,b9,0
in,2021,b9,4
id,2021,b9,493
ir,2021,b9,1
ie,2021,b9,8
il,2021,b9,4
it,2021,b9,3
jm,2021,b9,1
jp,2021,b9,10
kz,2021,b9,0
ke,2021,b9,494
mg,2021,b9,0
my,2021,b9,2
Mauritius,2021,b9,697
mx,2021,b9,74
mn,2021,b9,0
mz,2021,b9,90
np,2021,b9,1
nl,2021,b9,2
nz,2021,b9,0
ni,2021,b9,226
ng,2021,b9,130
Northern Mariana Islands,2021,b9,2
no,2021,b9,25
pk,2021,b9,159
pa,2021,b9,228
pe,2021,b9,1
ph,2021,b9,3
pl,2021,b9,5
pt,2021,b9,3
pr,2021,b9,58
ro,2021,b9,8
ru,2021,b9,123
ws,2021,b9,1
sa,2021,b9,0
sn,2021,b9,0
sc,2021,b9,925
sl,2021,b9,0
sg,2021,b9,5
Sint Maarten,2021,b9,337
si,2021,b9,17
za,2021,b9,3
kr,2021,b9,20
es,2021,b9,26
lk,2021,b9,58
St Kitts & Nevis,2021,b9,0
St Lucia,2021,b9,20
se,2021,b9,0
ch,2021,b9,1
tw,2021,b9,2
tz,2021,b9,4
th,2021,b9,1
The Bahamas,2021,b9,85
Tonga,2021,b9,0
tt,2021,b9,27
tr,2021,b9,3
U.S. Virgin Islands,2021,b9,2
ua,2021,b9,20
ae,2021,b9,3
gb,2021,b9,17
Channel Islands,2021,b9,75
England,2021,b9,10
Northern Ireland,2021,b9,343
Scotland,2021,b9,2
Whales,2021,b9,3
us,2021,b9,505
uy,2021,b9,347
vu,2021,b9,216
ve,2021,b9,5
vn,2021,b9,2
Wallis and Futuna,2021,b9,0
Location Not Recorded,2021,b9,43
ax,2020,b9,0
ag,2020,b9,63
ar,2020,b9,0
Aruba,2020,b9,0
au,2020,b9,5
at,2020,b9,0
bd,2020,b9,5
bb,2020,b9,1
bz,2020,b9,40
Bermuda,2020,b9,1
Bonaire,2020,b9,1
br,2020,b9,46
vg,2020,b9,0
bn,2020,b9,108
bi,2020,b9,0
cm,2020,b9,1
ca,2020,b9,75
ky,2020,b9,0
cl,2020,b9,991
cn,2020,b9,4
co,2020,b9,285
cr,2020,b9,0
hr,2020,b9,0
cy,2020,b9,158
dk,2020,b9,144
do,2020,b9,111
eg,2020,b9,0
ee,2020,b9,0
fi,2020,b9,0
fr,2020,b9,4
de,2020,b9,4
gh,2020,b9,221
gr,2020,b9,237
gd,2020,b9,1
Guam,2020,b9,18
gt,2020,b9,0
gy,2020,b9,2
hk,2020,b9,137
in,2020,b9,145
id,2020,b9,13
ie,2020,b9,154
il,2020,b9,3
it,2020,b9,10
jm,2020,b9,456
jp,2020,b9,4
ke,2020,b9,16
kw,2020,b9,14
Macao,2020,b9,1
mw,2020,b9,36
my,2020,b9,23
Maldives,2020,b9,0
Mauritius,2020,b9,1
mx,2020,b9,8
Montserrat,2020,b9,0
ma,2020,b9,1
mz,2020,b9,116
nl,2020,b9,102
nz,2020,b9,0
ni,2020,b9,1
ng,2020,b9,20
Northern Mariana Islands,2020,b9,1
no,2020,b9,2
om,2020,b9,0
pa,2020,b9,0
pe,2020,b9,115
ph,2020,b9,14
pl,2020,b9,0
pt,2020,b9,18
pr,2020,b9,12
ru,2020,b9,15
sa,2020,b9,16
sn,2020,b9,0
sc,2020,b9,0
sl,2020,b9,162
sg,2020,b9,1
Sint Eustatius,2020,b9,0
Sint Maarten,2020,b9,6
za,2020,b9,6
kr,2020,b9,16
es,2020,b9,15
lk,2020,b9,2
St Kitts & Nevis,2020,b9,60
St Lucia,2020,b9,0
sr,2020,b9,9
se,2020,b9,132
tw,2020,b9,6
tz,2020,b9,254
th,2020,b9,1
The Bahamas,2020,b9,34
tt,2020,b9,758
tr,2020,b9,10
Turks and Caicos Islands,2020,b9,0
U.S. Virgin Islands,2020,b9,2
ua,2020,b9,27
ae,2020,b9,151
gb,2020,b9,6
Channel Islands,2020,b9,18
England,2020,b9,5
Northern Ireland,2020,b9,19
Scotland,2020,b9,750
Wales,2020,b9,325
us,2020,b9,377
uy,2020,b9,9
vu,2020,b9,61
ve,2020,b9,24
vn,2020,b9,295
Location Not Recorded,2020,b9,47
ax,2023,b3,0
ag,2023,b3,58
ar,2023,b3,68
au,2023,b3,112
at,2023,b3,0
bs,2023,b3,1
bd,2023,b3,89
bb,2023,b3,3
be,2023,b3,2
bz,2023,b3,4
Bermuda,2023,b3,2
Bonaire,2023,b3,1
bw,2023,b3,0
br,2023,b3,1
vg,2023,b3,618
bn,2023,b3,3
kh,2023,b3,2
cm,2023,b3,13
ca,2023,b3,5
ky,2023,b3,14
cl,2023,b3,5
cn,2023,b3,1
co,2023,b3,149
cr,2023,b3,141
hr,2023,b3,0
cu,2023,b3,0
cy,2023,b3,46
cz,2023,b3,6
dk,2023,b3,2
do,2023,b3,256
ec,2023,b3,27
eg,2023,b3,0
fj,2023,b3,0
fi,2023,b3,0
fr,2023,b3,152
pf,2023,b3,12
gm,2023,b3,5
de,2023,b3,266
gh,2023,b3,2
gr,2023,b3,5
gd,2023,b3,80
Guam,2023,b3,1
gt,2023,b3,100
gy,2023,b3,981
hn,2023,b3,26
hk,2023,b3,440
hu,2023,b3,0
in,2023,b3,244
id,2023,b3,4
ie,2023,b3,3
il,2023,b3,163
it,2023,b3,942
jm,2023,b3,199
jp,2023,b3,6
jo,2023,b3,0
ke,2023,b3,4
ki,2023,b3,0
kw,2023,b3,0
lv,2023,b3,18
lt,2023,b3,6
mw,2023,b3,2
my,2023,b3,60
Maldives,2023,b3,266
Malta,2023,b3,5
mx,2023,b3,7
me,2023,b3,0
ma,2023,b3,273
mz,2023,b3,174
Myanmar (Burma),2023,b3,0
np,2023,b3,1
nl,2023,b3,9
nz,2023,b3,210
ni,2023,b3,2
ng,2023,b3,1
Northern Mariana,2023,b3,629
Islands,2023,b3,0
no,2023,b3,552
pk,2023,b3,1
pa,2023,b3,4
pe,2023,b3,4
ph,2023,b3,243
pl,2023,b3,183
pt,2023,b3,997
pr,2023,b3,27
Saba,2023,b3,25
ws,2023,b3,287
sa,2023,b3,21
sc,2023,b3,699
sl,2023,b3,0
sg,2023,b3,1
Sint Eustatius,2023,b3,166
Sint Maarten,2023,b3,2
si,2023,b3,44
sb,2023,b3,967
za,2023,b3,133
kr,2023,b3,2
es,2023,b3,2
lk,2023,b3,6
St Kitts & Nevis,2023,b3,1
St Lucia,2023,b3,4
St Vincent and the Grenadines,2023,b3,995
se,2023,b3,2
ch,2023,b3,99
tw,2023,b3,36
tz,2023,b3,2
th,2023,b3,5
Tonga,2023,b3,486
tt,2023,b3,69
tr,2023,b3,282
U.S. Virgin Islands,2023,b3,1
ug,2023,b3,549
ae,2023,b3,2
gb,2023,b3,1
us,2023,b3,99
uy,2023,b3,41
vu,2023,b3,168
ve,2023,b3,41
vn,2023,b3,1
Wallis and Futuna,2023,b3,118
ax,2022,b3,0
ao,2022,b3,3
ag,2022,b3,341
au,2022,b3,1
bs,2022,b3,2
bd,2022,b3,7
bb,2022,b3,3
bz,2022,b3,5
Bermuda,2022,b3,1
Bonaire,2022,b3,2
br,2022,b3,1
vg,2022,b3,1
bn,2022,b3,1
cm,2022,b3,21
ca,2022,b3,8
ky,2022,b3,3
cl,2022,b3,7
cn,2022,b3,441
co,2022,b3,5
cr,2022,b3,64
hr,2022,b3,0
Curaçao,2022,b3,672
cy,2022,b3,0
do,2022,b3,240
ec,2022,b3,23
eg,2022,b3,14
fi,2022,b3,0
fr,2022,b3,366
gm,2022,b3,3
de,2022,b3,12
gh,2022,b3,34
gr,2022,b3,8
Guam,2022,b3,2
Guernsey,2022,b3,4
hk,2022,b3,803
is,2022,b3,39
in,2022,b3,76
id,2022,b3,395
ie,2022,b3,1
il,2022,b3,113
it,2022,b3,104
jm,2022,b3,138
jp,2022,b3,5
ke,2022,b3,50
kw,2022,b3,0
my,2022,b3,59
Maldives,2022,b3,1
Malta,2022,b3,2
mr,2022,b3,0
Mauritius,2022,b3,444
mx,2022,b3,10
ma,2022,b3,0
nl,2022,b3,31
nz,2022,b3,0
ni,2022,b3,3
ng,2022,b3,5
Northern Mariana Islands,2022,b3,933
no,2022,b3,1
om,2022,b3,537
pa,2022,b3,5
pe,2022,b3,11
ph,2022,b3,166
pl,2022,b3,1
pt,2022,b3,620
pr,2022,b3,26
ro,2022,b3,0
ws,2022,b3,1
sc,2022,b3,280
sl,2022,b3,239
sg,2022,b3,2
Sint Eustatius,2022,b3,0
Sint Maarten,2022,b3,4
sb,2022,b3,2
za,2022,b3,486
kr,2022,b3,9
es,2022,b3,1
lk,2022,b3,18
St Kitts & Nevis,2022,b3,1
St Lucia,2022,b3,865
St Vincent and the Grenadines,2022,b3,318
se,2022,b3,2
tw,2022,b3,35
tz,2022,b3,2
th,2022,b3,27
tt,2022,b3,16
tr,2022,b3,508
U.S. Virgin Islands,2022,b3,1
ug,2022,b3,938
ae,2022,b3,2
gb,2022,b3,2
us,2022,b3,116
uy,2022,b3,123
vu,2022,b3,487
ve,2022,b3,45
vn,2022,b3,2
Wallis and Futuna,2022,b3,136
dz,2021,b3,0
American ws,2021,b3,522
ag,2021,b3,152
ar,2021,b3,1
Aruba,2021,b3,0
au,2021,b3,1
az,2021,b3,2
bd,2021,b3,3
bz,2021,b3,468
Bermuda,2021,b3,12
Bonaire,2021,b3,0
br,2021,b3,2
vg,2021,b3,717
bg,2021,b3,12
kh,2021,b3,17
cm,2021,b3,0
ca,2021,b3,9
cl,2021,b3,6
cn,2021,b3,2
co,2021,b3,1
cr,2021,b3,54
hr,2021,b3,4
cy,2021,b3,161
cz,2021,b3,2
dk,2021,b3,0
do,2021,b3,18
ec,2021,b3,18
eg,2021,b3,14
sv,2021,b3,7
fi,2021,b3,1
fr,2021,b3,578
de,2021,b3,198
gh,2021,b3,0
gr,2021,b3,4
Guam,2021,b3,49
gt,2021,b3,29
gy,2021,b3,5
hk,2021,b3,550
hu,2021,b3,2
is,2021,b3,5
in,2021,b3,63
id,2021,b3,646
ir,2021,b3,0
ie,2021,b3,2
il,2021,b3,132
it,2021,b3,322
jm,2021,b3,133
jp,2021,b3,3
kz,2021,b3,2
ke,2021,b3,10
mg,2021,b3,0
my,2021,b3,9
Mauritius,2021,b3,601
mx,2021,b3,279
mn,2021,b3,0
mz,2021,b3,359
np,2021,b3,2
nl,2021,b3,267
nz,2021,b3,0
ni,2021,b3,7
ng,2021,b3,956
Northern Mariana Islands,2021,b3,566
no,2021,b3,4
pk,2021,b3,24
pa,2021,b3,12
pe,2021,b3,2
ph,2021,b3,6
pl,2021,b3,4
pt,2021,b3,194
pr,2021,b3,27
ro,2021,b3,2
ru,2021,b3,15
ws,2021,b3,1
sa,2021,b3,0
sn,2021,b3,73
sc,2021,b3,377
sl,2021,b3,0
sg,2021,b3,706
Sint Maarten,2021,b3,1
si,2021,b3,77
za,2021,b3,1
kr,2021,b3,4
es,2021,b3,2
lk,2021,b3,114
St Kitts & Nevis,2021,b3,95
St Lucia,2021,b3,672
se,2021,b3,0
ch,2021,b3,0
tw,2021,b3,23
tz,2021,b3,7
th,2021,b3,43
The Bahamas,2021,b3,1
Tonga,2021,b3,0
tt,2021,b3,13
tr,2021,b3,99
U.S. Virgin Islands,2021,b3,1
ua,2021,b3,5
ae,2021,b3,3
gb,2021,b3,2
Channel Islands,2021,b3,0
England,2021,b3,1
Northern Ireland,2021,b3,126
Scotland,2021,b3,1
Whales,2021,b3,202
us,2021,b3,126
uy,2021,b3,1
vu,2021,b3,846
ve,2021,b3,7
vn,2021,b3,2
Wallis and Futuna,2021,b3,6
Location Not Recorded,2021,b3,32
ax,2020,b3,0
ag,2020,b3,1
ar,2020,b3,0
Aruba,2020,b3,0
au,2020,b3,1
at,2020,b3,0
bd,2020,b3,1
bb,2020,b3,2
bz,2020,b3,58
Bermuda,2020,b3,1
Bonaire,2020,b3,3
br,2020,b3,281
vg,2020,b3,170
bn,2020,b3,2
bi,2020,b3,0
cm,2020,b3,1
ca,2020,b3,6
ky,2020,b3,15
cl,2020,b3,10
cn,2020,b3,3
co,2020,b3,4
cr,2020,b3,0
hr,2020,b3,10
cy,2020,b3,87
dk,2020,b3,0
do,2020,b3,289
eg,2020,b3,0
ee,2020,b3,0
fi,2020,b3,0
fr,2020,b3,1
de,2020,b3,26
gh,2020,b3,170
gr,2020,b3,175
gd,2020,b3,4
Guam,2020,b3,129
gt,2020,b3,247
gy,2020,b3,3
hk,2020,b3,489
in,2020,b3,64
id,2020,b3,4
ie,2020,b3,199
il,2020,b3,432
it,2020,b3,1
jm,2020,b3,16
jp,2020,b3,4
ke,2020,b3,33
kw,2020,b3,9
Macao,2020,b3,45
mw,2020,b3,104
my,2020,b3,30
Maldives,2020,b3,0
Mauritius,2020,b3,6
mx,2020,b3,5
Montserrat,2020,b3,394
ma,2020,b3,0
mz,2020,b3,820
nl,2020,b3,48
nz,2020,b3,7
ni,2020,b3,9
ng,2020,b3,588
Northern Mariana Islands,2020,b3,786
no,2020,b3,4
om,2020,b3,0
pa,2020,b3,0
pe,2020,b3,241
ph,2020,b3,56
pl,2020,b3,0
pt,2020,b3,410
pr,2020,b3,8
ru,2020,b3,0
sa,2020,b3,8
sn,2020,b3,517
sc,2020,b3,97
sl,2020,b3,150
sg,2020,b3,62
Sint Eustatius,2020,b3,0
Sint Maarten,2020,b3,142
za,2020,b3,9
kr,2020,b3,3
es,2020,b3,1
lk,2020,b3,27
St Kitts & Nevis,2020,b3,2
St Lucia,2020,b3,0
sr,2020,b3,260
se,2020,b3,360
tw,2020,b3,27
tz,2020,b3,2
th,2020,b3,11
The Bahamas,2020,b3,311
tt,2020,b3,2
tr,2020,b3,257
Turks and Caicos Islands,2020,b3,0
U.S. Virgin Islands,2020,b3,516
ua,2020,b3,6
ae,2020,b3,822
gb,2020,b3,2
Channel Islands,2020,b3,9
England,2020,b3,1
Northern Ireland,2020,b3,238
Scotland,2020,b3,594
Wales,2020,b3,104
us,2020,b3,87
uy,2020,b3,3
vu,2020,b3,657
ve,2020,b3,14
vn,2020,b3,340
Location Not Recorded,2020,b3,49
ax,2023,b10,0
ag,2023,b10,0
ar,2023,b10,33
au,2023,b10,629
at,2023,b10,0
bs,2023,b10,1
bd,2023,b10,214
bb,2023,b10,4
be,2023,b10,0
bz,2023,b10,7
Bermuda,2023,b10,4
Bonaire,2023,b10,6
bw,2023,b10,0
br,2023,b10,1
vg,2023,b10,35
bn,2023,b10,542
kh,2023,b10,514
cm,2023,b10,0
ca,2023,b10,13
ky,2023,b10,59
cl,2023,b10,6
cn,2023,b10,568
co,2023,b10,1
cr,2023,b10,273
hr,2023,b10,0
cu,2023,b10,0
cy,2023,b10,109
cz,2023,b10,0
dk,2023,b10,2
do,2023,b10,170
ec,2023,b10,19
eg,2023,b10,1
fj,2023,b10,0
fi,2023,b10,0
fr,2023,b10,32
pf,2023,b10,42
gm,2023,b10,0
de,2023,b10,160
gh,2023,b10,9
gr,2023,b10,6
gd,2023,b10,0
Guam,2023,b10,1
gt,2023,b10,12
gy,2023,b10,207
hn,2023,b10,46
hk,2023,b10,279
hu,2023,b10,0
in,2023,b10,133
id,2023,b10,4
ie,2023,b10,3
il,2023,b10,24
it,2023,b10,1
jm,2023,b10,122
jp,2023,b10,6
jo,2023,b10,6
ke,2023,b10,10
ki,2023,b10,0
kw,2023,b10,0
lv,2023,b10,2
lt,2023,b10,20
mw,2023,b10,2
my,2023,b10,20
Maldives,2023,b10,0
Malta,2023,b10,15
mx,2023,b10,8
me,2023,b10,0
ma,2023,b10,301
mz,2023,b10,267
Myanmar (Burma),2023,b10,0
np,2023,b10,1
nl,2023,b10,11
nz,2023,b10,2
ni,2023,b10,935
ng,2023,b10,752
Northern Mariana,2023,b10,554
Islands,2023,b10,0
no,2023,b10,11
pk,2023,b10,2
pa,2023,b10,658
pe,2023,b10,3
ph,2023,b10,108
pl,2023,b10,54
pt,2023,b10,583
pr,2023,b10,28
Saba,2023,b10,3
ws,2023,b10,20
sa,2023,b10,92
sc,2023,b10,765
sl,2023,b10,0
sg,2023,b10,777
Sint Eustatius,2023,b10,235
Sint Maarten,2023,b10,122
si,2023,b10,184
sb,2023,b10,206
za,2023,b10,176
kr,2023,b10,2
es,2023,b10,3
lk,2023,b10,3
St Kitts & Nevis,2023,b10,1
St Lucia,2023,b10,1
St Vincent and the Grenadines,2023,b10,190
se,2023,b10,0
ch,2023,b10,86
tw,2023,b10,26
tz,2023,b10,1
th,2023,b10,15
Tonga,2023,b10,87
tt,2023,b10,13
tr,2023,b10,87
U.S. Virgin Islands,2023,b10,2
ug,2023,b10,32
ae,2023,b10,993
gb,2023,b10,2
us,2023,b10,165
uy,2023,b10,16
vu,2023,b10,104
ve,2023,b10,35
vn,2023,b10,885
Wallis and Futuna,2023,b10,116
ax,2022,b10,0
ao,2022,b10,2
ag,2022,b10,33
au,2022,b10,1
bs,2022,b10,1
bd,2022,b10,6
bb,2022,b10,5
bz,2022,b10,5
Bermuda,2022,b10,2
Bonaire,2022,b10,129
br,2022,b10,512
vg,2022,b10,596
bn,2022,b10,187
cm,2022,b10,2
ca,2022,b10,13
ky,2022,b10,1
cl,2022,b10,6
cn,2022,b10,198
co,2022,b10,359
cr,2022,b10,101
hr,2022,b10,0
Curaçao,2022,b10,533
cy,2022,b10,9
do,2022,b10,160
ec,2022,b10,11
eg,2022,b10,5
fi,2022,b10,0
fr,2022,b10,209
gm,2022,b10,0
de,2022,b10,46
gh,2022,b10,2
gr,2022,b10,12
Guam,2022,b10,1
Guernsey,2022,b10,15
hk,2022,b10,1
is,2022,b10,39
in,2022,b10,73
id,2022,b10,177
ie,2022,b10,1
il,2022,b10,70
it,2022,b10,355
jm,2022,b10,49
jp,2022,b10,5
ke,2022,b10,26
kw,2022,b10,0
my,2022,b10,19
Maldives,2022,b10,1
Malta,2022,b10,0
mr,2022,b10,0
Mauritius,2022,b10,428
mx,2022,b10,15
ma,2022,b10,0
nl,2022,b10,92
nz,2022,b10,0
ni,2022,b10,1
ng,2022,b10,3
Northern Mariana Islands,2022,b10,424
no,2022,b10,926
om,2022,b10,12
pa,2022,b10,2
pe,2022,b10,14
ph,2022,b10,88
pl,2022,b10,1
pt,2022,b10,1
pr,2022,b10,23
ro,2022,b10,0
ws,2022,b10,354
sc,2022,b10,782
sl,2022,b10,124
sg,2022,b10,1
Sint Eustatius,2022,b10,0
Sint Maarten,2022,b10,976
sb,2022,b10,600
za,2022,b10,769
kr,2022,b10,6
es,2022,b10,4
lk,2022,b10,6
St Kitts & Nevis,2022,b10,126
St Lucia,2022,b10,304
St Vincent and the Grenadines,2022,b10,255
se,2022,b10,5
tw,2022,b10,23
tz,2022,b10,3
th,2022,b10,3
tt,2022,b10,4
tr,2022,b10,51
U.S. Virgin Islands,2022,b10,2
ug,2022,b10,1
ae,2022,b10,1
gb,2022,b10,7
us,2022,b10,252
uy,2022,b10,11
vu,2022,b10,343
ve,2022,b10,25
vn,2022,b10,1
Wallis and Futuna,2022,b10,77
dz,2021,b10,0
American ws,2021,b10,493
ag,2021,b10,34
ar,2021,b10,93
Aruba,2021,b10,0
au,2021,b10,33
az,2021,b10,0
bd,2021,b10,1
bz,2021,b10,441
Bermuda,2021,b10,25
Bonaire,2021,b10,51
br,2021,b10,2
vg,2021,b10,122
bg,2021,b10,0
kh,2021,b10,5
cm,2021,b10,0
ca,2021,b10,22
cl,2021,b10,8
cn,2021,b10,2
co,2021,b10,2
cr,2021,b10,31
hr,2021,b10,83
cy,2021,b10,78
cz,2021,b10,0
dk,2021,b10,0
do,2021,b10,92
ec,2021,b10,10
eg,2021,b10,1
sv,2021,b10,7
fi,2021,b10,0
fr,2021,b10,261
de,2021,b10,776
gh,2021,b10,0
gr,2021,b10,8
Guam,2021,b10,124
gt,2021,b10,57
gy,2021,b10,320
hk,2021,b10,310
hu,2021,b10,0
is,2021,b10,0
in,2021,b10,77
id,2021,b10,382
ir,2021,b10,0
ie,2021,b10,1
il,2021,b10,5
it,2021,b10,600
jm,2021,b10,28
jp,2021,b10,3
kz,2021,b10,0
ke,2021,b10,4
mg,2021,b10,0
my,2021,b10,2
Mauritius,2021,b10,626
mx,2021,b10,104
mn,2021,b10,0
mz,2021,b10,699
np,2021,b10,2
nl,2021,b10,70
nz,2021,b10,3
ni,2021,b10,7
ng,2021,b10,1
Northern Mariana Islands,2021,b10,515
no,2021,b10,6
pk,2021,b10,1
pa,2021,b10,2
pe,2021,b10,2
ph,2021,b10,3
pl,2021,b10,0
pt,2021,b10,152
pr,2021,b10,34
ro,2021,b10,0
ru,2021,b10,76
ws,2021,b10,1
sa,2021,b10,0
sn,2021,b10,3
sc,2021,b10,783
sl,2021,b10,0
sg,2021,b10,705
Sint Maarten,2021,b10,383
si,2021,b10,151
za,2021,b10,3
kr,2021,b10,3
es,2021,b10,4
lk,2021,b10,13
St Kitts & Nevis,2021,b10,27
St Lucia,2021,b10,577
se,2021,b10,0
ch,2021,b10,0
tw,2021,b10,20
tz,2021,b10,4
th,2021,b10,3
The Bahamas,2021,b10,589
Tonga,2021,b10,0
tt,2021,b10,104
tr,2021,b10,237
U.S. Virgin Islands,2021,b10,3
ua,2021,b10,0
ae,2021,b10,1
gb,2021,b10,8
Channel Islands,2021,b10,20
England,2021,b10,5
Northern Ireland,2021,b10,359
Scotland,2021,b10,1
Whales,2021,b10,730
us,2021,b10,224
uy,2021,b10,484
vu,2021,b10,606
ve,2021,b10,6
vn,2021,b10,0
Wallis and Futuna,2021,b10,0
Location Not Recorded,2021,b10,21
ax,2020,b10,0
ag,2020,b10,548
ar,2020,b10,0
Aruba,2020,b10,0
au,2020,b10,20
at,2020,b10,0
bd,2020,b10,560
bb,2020,b10,6
bz,2020,b10,174
Bermuda,2020,b10,1
Bonaire,2020,b10,61
br,2020,b10,185
vg,2020,b10,20
bn,2020,b10,400
bi,2020,b10,0
cm,2020,b10,12
ca,2020,b10,10
ky,2020,b10,50
cl,2020,b10,48
cn,2020,b10,5
co,2020,b10,1
cr,2020,b10,0
hr,2020,b10,0
cy,2020,b10,0
dk,2020,b10,13
do,2020,b10,157
eg,2020,b10,0
ee,2020,b10,0
fi,2020,b10,0
fr,2020,b10,0
de,2020,b10,81
gh,2020,b10,17
gr,2020,b10,226
gd,2020,b10,869
Guam,2020,b10,1
gt,2020,b10,199
gy,2020,b10,889
hk,2020,b10,1
in,2020,b10,276
id,2020,b10,2
ie,2020,b10,90
il,2020,b10,396
it,2020,b10,820
jm,2020,b10,8
jp,2020,b10,4
ke,2020,b10,35
kw,2020,b10,1
Macao,2020,b10,10
mw,2020,b10,224
my,2020,b10,10
Maldives,2020,b10,0
Mauritius,2020,b10,2
mx,2020,b10,5
Montserrat,2020,b10,134
ma,2020,b10,200
mz,2020,b10,2
nl,2020,b10,7
nz,2020,b10,2
ni,2020,b10,5
ng,2020,b10,597
Northern Mariana Islands,2020,b10,640
no,2020,b10,2
om,2020,b10,0
pa,2020,b10,0
pe,2020,b10,131
ph,2020,b10,29
pl,2020,b10,6
pt,2020,b10,1
pr,2020,b10,8
ru,2020,b10,10
sa,2020,b10,2
sn,2020,b10,0
sc,2020,b10,3
sl,2020,b10,51
sg,2020,b10,202
Sint Eustatius,2020,b10,0
Sint Maarten,2020,b10,3
za,2020,b10,13
kr,2020,b10,2
es,2020,b10,3
lk,2020,b10,5
St Kitts & Nevis,2020,b10,1
St Lucia,2020,b10,0
sr,2020,b10,65
se,2020,b10,154
tw,2020,b10,28
tz,2020,b10,1
th,2020,b10,3
The Bahamas,2020,b10,326
tt,2020,b10,755
tr,2020,b10,604
Turks and Caicos Islands,2020,b10,0
U.S. Virgin Islands,2020,b10,1
ua,2020,b10,0
ae,2020,b10,798
gb,2020,b10,6
Channel Islands,2020,b10,8
England,2020,b10,5
Northern Ireland,2020,b10,313
Scotland,2020,b10,934
Wales,2020,b10,388
us,2020,b10,129
uy,2020,b10,4
vu,2020,b10,43
ve,2020,b10,77
vn,2020,b10,717
Location Not Recorded,2020,b10,24
ax,2023,b11,0
ag,2023,b11,3
ar,2023,b11,32
au,2023,b11,571
at,2023,b11,0
bs,2023,b11,660
bd,2023,b11,2
bb,2023,b11,1
be,2023,b11,0
bz,2023,b11,2
Bermuda,2023,b11,1
Bonaire,2023,b11,0
bw,2023,b11,0
br,2023,b11,2
vg,2023,b11,31
bn,2023,b11,424
kh,2023,b11,472
cm,2023,b11,0
ca,2023,b11,17
ky,2023,b11,22
cl,2023,b11,10
cn,2023,b11,933
co,2023,b11,987
cr,2023,b11,506
hr,2023,b11,0
cu,2023,b11,0
cy,2023,b11,60
cz,2023,b11,2
dk,2023,b11,23
do,2023,b11,44
ec,2023,b11,19
eg,2023,b11,0
fj,2023,b11,0
fi,2023,b11,0
fr,2023,b11,51
pf,2023,b11,9
gm,2023,b11,0
de,2023,b11,1
gh,2023,b11,1
gr,2023,b11,2
gd,2023,b11,72
Guam,2023,b11,1
gt,2023,b11,80
gy,2023,b11,225
hn,2023,b11,251
hk,2023,b11,278
hu,2023,b11,0
in,2023,b11,114
id,2023,b11,4
ie,2023,b11,5
il,2023,b11,109
it,2023,b11,384
jm,2023,b11,45
jp,2023,b11,5
jo,2023,b11,0
ke,2023,b11,9
ki,2023,b11,0
kw,2023,b11,0
lv,2023,b11,11
lt,2023,b11,31
mw,2023,b11,720
my,2023,b11,15
Maldives,2023,b11,20
Malta,2023,b11,0
mx,2023,b11,3
me,2023,b11,0
ma,2023,b11,168
mz,2023,b11,77
Myanmar (Burma),2023,b11,0
np,2023,b11,0
nl,2023,b11,62
nz,2023,b11,3
ni,2023,b11,147
ng,2023,b11,1
Northern Mariana,2023,b11,804
Islands,2023,b11,0
no,2023,b11,2
pk,2023,b11,0
pa,2023,b11,182
pe,2023,b11,16
ph,2023,b11,263
pl,2023,b11,83
pt,2023,b11,1
pr,2023,b11,9
Saba,2023,b11,0
ws,2023,b11,0
sa,2023,b11,2
sc,2023,b11,828
sl,2023,b11,0
sg,2023,b11,1
Sint Eustatius,2023,b11,210
Sint Maarten,2023,b11,144
si,2023,b11,243
sb,2023,b11,1
za,2023,b11,120
kr,2023,b11,3
es,2023,b11,4
lk,2023,b11,4
St Kitts & Nevis,2023,b11,0
St Lucia,2023,b11,465
St Vincent and the Grenadines,2023,b11,70
se,2023,b11,0
ch,2023,b11,213
tw,2023,b11,3
tz,2023,b11,2
th,2023,b11,14
Tonga,2023,b11,376
tt,2023,b11,6
tr,2023,b11,124
U.S. Virgin Islands,2023,b11,2
ug,2023,b11,92
ae,2023,b11,871
gb,2023,b11,12
us,2023,b11,172
uy,2023,b11,13
vu,2023,b11,398
ve,2023,b11,23
vn,2023,b11,673
Wallis and Futuna,2023,b11,28
ax,2022,b11,0
ao,2022,b11,0
ag,2022,b11,44
au,2022,b11,4
bs,2022,b11,657
bd,2022,b11,23
bb,2022,b11,1
bz,2022,b11,4
Bermuda,2022,b11,923
Bonaire,2022,b11,7
br,2022,b11,908
vg,2022,b11,108
bn,2022,b11,161
cm,2022,b11,2
ca,2022,b11,18
ky,2022,b11,10
cl,2022,b11,8
cn,2022,b11,301
co,2022,b11,272
cr,2022,b11,361
hr,2022,b11,0
Curaçao,2022,b11,1
cy,2022,b11,4
do,2022,b11,42
ec,2022,b11,16
eg,2022,b11,6
fi,2022,b11,0
fr,2022,b11,359
gm,2022,b11,0
de,2022,b11,610
gh,2022,b11,999
gr,2022,b11,3
Guam,2022,b11,1
Guernsey,2022,b11,19
hk,2022,b11,1
is,2022,b11,70
in,2022,b11,100
id,2022,b11,2
ie,2022,b11,2
il,2022,b11,289
it,2022,b11,458
jm,2022,b11,15
jp,2022,b11,5
ke,2022,b11,73
kw,2022,b11,0
my,2022,b11,21
Maldives,2022,b11,0
Malta,2022,b11,0
mr,2022,b11,0
Mauritius,2022,b11,247
mx,2022,b11,4
ma,2022,b11,0
nl,2022,b11,633
nz,2022,b11,0
ni,2022,b11,796
ng,2022,b11,2
Northern Mariana Islands,2022,b11,1
no,2022,b11,1
om,2022,b11,3
pa,2022,b11,841
pe,2022,b11,12
ph,2022,b11,387
pl,2022,b11,0
pt,2022,b11,1
pr,2022,b11,8
ro,2022,b11,0
ws,2022,b11,290
sc,2022,b11,429
sl,2022,b11,141
sg,2022,b11,3
Sint Eustatius,2022,b11,0
Sint Maarten,2022,b11,899
sb,2022,b11,68
za,2022,b11,727
kr,2022,b11,6
es,2022,b11,5
lk,2022,b11,7
St Kitts & Nevis,2022,b11,82
St Lucia,2022,b11,260
St Vincent and the Grenadines,2022,b11,40
se,2022,b11,16
tw,2022,b11,1
tz,2022,b11,7
th,2022,b11,20
tt,2022,b11,2
tr,2022,b11,19
U.S. Virgin Islands,2022,b11,1
ug,2022,b11,7
ae,2022,b11,291
gb,2022,b11,12
us,2022,b11,211
uy,2022,b11,25
vu,2022,b11,928
ve,2022,b11,24
vn,2022,b11,1
Wallis and Futuna,2022,b11,8
dz,2021,b11,0
American ws,2021,b11,259
ag,2021,b11,74
ar,2021,b11,3
Aruba,2021,b11,0
au,2021,b11,4
az,2021,b11,0
bd,2021,b11,17
bz,2021,b11,421
Bermuda,2021,b11,1
Bonaire,2021,b11,36
br,2021,b11,2
vg,2021,b11,83
bg,2021,b11,10
kh,2021,b11,16
cm,2021,b11,0
ca,2021,b11,28
cl,2021,b11,7
cn,2021,b11,372
co,2021,b11,408
cr,2021,b11,14
hr,2021,b11,13
cy,2021,b11,128
cz,2021,b11,2
dk,2021,b11,0
do,2021,b11,23
ec,2021,b11,27
eg,2021,b11,192
sv,2021,b11,2
fi,2021,b11,13
fr,2021,b11,606
de,2021,b11,3
gh,2021,b11,0
gr,2021,b11,2
Guam,2021,b11,0
gt,2021,b11,15
gy,2021,b11,283
hk,2021,b11,499
hu,2021,b11,0
is,2021,b11,0
in,2021,b11,97
id,2021,b11,383
ir,2021,b11,0
ie,2021,b11,3
il,2021,b11,139
it,2021,b11,419
jm,2021,b11,6
jp,2021,b11,4
kz,2021,b11,0
ke,2021,b11,9
mg,2021,b11,0
my,2021,b11,2
Mauritius,2021,b11,824
mx,2021,b11,802
mn,2021,b11,0
mz,2021,b11,15
np,2021,b11,1
nl,2021,b11,418
nz,2021,b11,6
ni,2021,b11,785
ng,2021,b11,188
Northern Mariana Islands,2021,b11,723
no,2021,b11,7
pk,2021,b11,5
pa,2021,b11,659
pe,2021,b11,6
ph,2021,b11,9
pl,2021,b11,7
pt,2021,b11,267
pr,2021,b11,15
ro,2021,b11,1
ru,2021,b11,77
ws,2021,b11,1
sa,2021,b11,0
sn,2021,b11,7
sc,2021,b11,734
sl,2021,b11,0
sg,2021,b11,1
Sint Maarten,2021,b11,287
si,2021,b11,328
za,2021,b11,3
kr,2021,b11,4
es,2021,b11,3
lk,2021,b11,76
St Kitts & Nevis,2021,b11,21
St Lucia,2021,b11,405
se,2021,b11,0
ch,2021,b11,0
tw,2021,b11,1
tz,2021,b11,12
th,2021,b11,17
The Bahamas,2021,b11,360
Tonga,2021,b11,0
tt,2021,b11,94
tr,2021,b11,170
U.S. Virgin Islands,2021,b11,1
ua,2021,b11,5
ae,2021,b11,800
gb,2021,b11,14
Channel Islands,2021,b11,18
England,2021,b11,10
Northern Ireland,2021,b11,354
Scotland,2021,b11,3
Whales,2021,b11,761
us,2021,b11,274
uy,2021,b11,1
vu,2021,b11,2
ve,2021,b11,6
vn,2021,b11,1
Wallis and Futuna,2021,b11,0
Location Not Recorded,2021,b11,20
ax,2020,b11,0
ag,2020,b11,370
ar,2020,b11,0
Aruba,2020,b11,0
au,2020,b11,8
at,2020,b11,0
bd,2020,b11,7
bb,2020,b11,3
bz,2020,b11,134
Bermuda,2020,b11,812
Bonaire,2020,b11,34
br,2020,b11,188
vg,2020,b11,30
bn,2020,b11,293
bi,2020,b11,0
cm,2020,b11,3
ca,2020,b11,18
ky,2020,b11,1
cl,2020,b11,111
cn,2020,b11,4
co,2020,b11,3
cr,2020,b11,0
hr,2020,b11,0
cy,2020,b11,16
dk,2020,b11,126
do,2020,b11,77
eg,2020,b11,0
ee,2020,b11,0
fi,2020,b11,0
fr,2020,b11,3
de,2020,b11,462
gh,2020,b11,32
gr,2020,b11,70
gd,2020,b11,1
Guam,2020,b11,101
gt,2020,b11,2
gy,2020,b11,50
hk,2020,b11,1
in,2020,b11,160
id,2020,b11,7
ie,2020,b11,197
il,2020,b11,947
it,2020,b11,777
jm,2020,b11,2
jp,2020,b11,3
ke,2020,b11,45
kw,2020,b11,5
Macao,2020,b11,8
mw,2020,b11,17
my,2020,b11,13
Maldives,2020,b11,0
Mauritius,2020,b11,2
mx,2020,b11,2
Montserrat,2020,b11,0
ma,2020,b11,19
mz,2020,b11,127
nl,2020,b11,26
nz,2020,b11,35
ni,2020,b11,2
ng,2020,b11,437
Northern Mariana Islands,2020,b11,926
no,2020,b11,4
om,2020,b11,0
pa,2020,b11,0
pe,2020,b11,169
ph,2020,b11,113
pl,2020,b11,14
pt,2020,b11,2
pr,2020,b11,4
ru,2020,b11,14
sa,2020,b11,2
sn,2020,b11,426
sc,2020,b11,3
sl,2020,b11,62
sg,2020,b11,299
Sint Eustatius,2020,b11,0
Sint Maarten,2020,b11,8
za,2020,b11,6
kr,2020,b11,3
es,2020,b11,2
lk,2020,b11,13
St Kitts & Nevis,2020,b11,399
St Lucia,2020,b11,0
sr,2020,b11,0
se,2020,b11,260
tw,2020,b11,3
tz,2020,b11,951
th,2020,b11,7
The Bahamas,2020,b11,64
tt,2020,b11,685
tr,2020,b11,450
Turks and Caicos Islands,2020,b11,0
U.S. Virgin Islands,2020,b11,511
ua,2020,b11,0
ae,2020,b11,127
gb,2020,b11,10
Channel Islands,2020,b11,17
England,2020,b11,8
Northern Ireland,2020,b11,161
Scotland,2020,b11,2
Wales,2020,b11,429
us,2020,b11,185
uy,2020,b11,2
vu,2020,b11,756
ve,2020,b11,30
vn,2020,b11,989
Location Not Recorded,2020,b11,40
ax,2023,b12,0
ag,2023,b12,6
ar,2023,b12,24
au,2023,b12,52
at,2023,b12,0
bs,2023,b12,412
bd,2023,b12,1
bb,2023,b12,319
be,2023,b12,4
bz,2023,b12,3
Bermuda,2023,b12,622
Bonaire,2023,b12,28
bw,2023,b12,0
br,2023,b12,1
vg,2023,b12,28
bn,2023,b12,233
kh,2023,b12,718
cm,2023,b12,0
ca,2023,b12,2
ky,2023,b12,5
cl,2023,b12,3
cn,2023,b12,130
co,2023,b12,12
cr,2023,b12,19
hr,2023,b12,0
cu,2023,b12,0
cy,2023,b12,10
cz,2023,b12,8
dk,2023,b12,2
do,2023,b12,42
ec,2023,b12,12
eg,2023,b12,5
fj,2023,b12,0
fi,2023,b12,0
fr,2023,b12,16
pf,2023,b12,0
gm,2023,b12,1
de,2023,b12,108
gh,2023,b12,724
gr,2023,b12,2
gd,2023,b12,21
Guam,2023,b12,450
gt,2023,b12,0
gy,2023,b12,186
hn,2023,b12,12
hk,2023,b12,246
hu,2023,b12,0
in,2023,b12,131
id,2023,b12,2
ie,2023,b12,1
il,2023,b12,964
it,2023,b12,240
jm,2023,b12,10
jp,2023,b12,1
jo,2023,b12,0
ke,2023,b12,530
ki,2023,b12,0
kw,2023,b12,0
lv,2023,b12,8
lt,2023,b12,28
mw,2023,b12,366
my,2023,b12,21
Maldives,2023,b12,4
Malta,2023,b12,22
mx,2023,b12,4
me,2023,b12,0
ma,2023,b12,126
mz,2023,b12,51
Myanmar (Burma),2023,b12,0
np,2023,b12,2
nl,2023,b12,8
nz,2023,b12,11
ni,2023,b12,172
ng,2023,b12,1
Northern Mariana,2023,b12,560
Islands,2023,b12,0
no,2023,b12,412
pk,2023,b12,0
pa,2023,b12,362
pe,2023,b12,2
ph,2023,b12,340
pl,2023,b12,133
pt,2023,b12,360
pr,2023,b12,5
Saba,2023,b12,1
ws,2023,b12,237
sa,2023,b12,18
sc,2023,b12,59
sl,2023,b12,0
sg,2023,b12,1
Sint Eustatius,2023,b12,16
Sint Maarten,2023,b12,194
si,2023,b12,127
sb,2023,b12,0
za,2023,b12,40
kr,2023,b12,2
es,2023,b12,1
lk,2023,b12,2
St Kitts & Nevis,2023,b12,1
St Lucia,2023,b12,344
St Vincent and the Grenadines,2023,b12,0
se,2023,b12,0
ch,2023,b12,18
tw,2023,b12,8
tz,2023,b12,156
th,2023,b12,837
Tonga,2023,b12,0
tt,2023,b12,2
tr,2023,b12,226
U.S. Virgin Islands,2023,b12,360
ug,2023,b12,221
ae,2023,b12,669
gb,2023,b12,1
us,2023,b12,37
uy,2023,b12,3
vu,2023,b12,59
ve,2023,b12,17
vn,2023,b12,4
Wallis and Futuna,2023,b12,0
ax,2022,b12,0
ao,2022,b12,4
ag,2022,b12,16
au,2022,b12,408
bs,2022,b12,335
bd,2022,b12,1
bb,2022,b12,421
bz,2022,b12,3
Bermuda,2022,b12,297
Bonaire,2022,b12,0
br,2022,b12,384
vg,2022,b12,85
bn,2022,b12,172
cm,2022,b12,1
ca,2022,b12,360
ky,2022,b12,2
cl,2022,b12,5
cn,2022,b12,399
co,2022,b12,409
cr,2022,b12,27
hr,2022,b12,0
Curaçao,2022,b12,0
cy,2022,b12,1
do,2022,b12,40
ec,2022,b12,12
eg,2022,b12,4
fi,2022,b12,0
fr,2022,b12,201
gm,2022,b12,19
de,2022,b12,15
gh,2022,b12,7
gr,2022,b12,5
Guam,2022,b12,361
Guernsey,2022,b12,1
hk,2022,b12,515
is,2022,b12,54
in,2022,b12,39
id,2022,b12,937
ie,2022,b12,214
il,2022,b12,439
it,2022,b12,50
jm,2022,b12,4
jp,2022,b12,1
ke,2022,b12,2
kw,2022,b12,0
my,2022,b12,23
Maldives,2022,b12,0
Malta,2022,b12,0
mr,2022,b12,0
Mauritius,2022,b12,182
mx,2022,b12,4
ma,2022,b12,0
nl,2022,b12,59
nz,2022,b12,0
ni,2022,b12,413
ng,2022,b12,1
Northern Mariana Islands,2022,b12,460
no,2022,b12,533
om,2022,b12,274
pa,2022,b12,716
pe,2022,b12,39
ph,2022,b12,307
pl,2022,b12,0
pt,2022,b12,391
pr,2022,b12,4
ro,2022,b12,0
ws,2022,b12,25
sc,2022,b12,33
sl,2022,b12,128
sg,2022,b12,1
Sint Eustatius,2022,b12,0
Sint Maarten,2022,b12,922
sb,2022,b12,405
za,2022,b12,194
kr,2022,b12,4
es,2022,b12,703
lk,2022,b12,8
St Kitts & Nevis,2022,b12,145
St Lucia,2022,b12,170
St Vincent and the Grenadines,2022,b12,5
se,2022,b12,0
tw,2022,b12,4
tz,2022,b12,1
th,2022,b12,42
tt,2022,b12,932
tr,2022,b12,1
U.S. Virgin Islands,2022,b12,292
ug,2022,b12,85
ae,2022,b12,738
gb,2022,b12,2
us,2022,b12,50
uy,2022,b12,4
vu,2022,b12,64
ve,2022,b12,15
vn,2022,b12,10
Wallis and Futuna,2022,b12,55
dz,2021,b12,0
American ws,2021,b12,216
ag,2021,b12,48
ar,2021,b12,4
Aruba,2021,b12,0
au,2021,b12,483
az,2021,b12,0
bd,2021,b12,1
bz,2021,b12,1
Bermuda,2021,b12,1
Bonaire,2021,b12,0
br,2021,b12,2
vg,2021,b12,106
bg,2021,b12,19
kh,2021,b12,26
cm,2021,b12,0
ca,2021,b12,13
cl,2021,b12,4
cn,2021,b12,2
co,2021,b12,345
cr,2021,b12,3
hr,2021,b12,3
cy,2021,b12,52
cz,2021,b12,0
dk,2021,b12,0
do,2021,b12,10
ec,2021,b12,14
eg,2021,b12,35
sv,2021,b12,4
fi,2021,b12,4
fr,2021,b12,401
de,2021,b12,1
gh,2021,b12,163
gr,2021,b12,4
Guam,2021,b12,5
gt,2021,b12,8
gy,2021,b12,213
hk,2021,b12,402
hu,2021,b12,0
is,2021,b12,3
in,2021,b12,67
id,2021,b12,639
ir,2021,b12,0
ie,2021,b12,567
il,2021,b12,150
it,2021,b12,182
jm,2021,b12,2
jp,2021,b12,1
kz,2021,b12,0
ke,2021,b12,1
mg,2021,b12,0
my,2021,b12,2
Mauritius,2021,b12,145
mx,2021,b12,186
mn,2021,b12,0
mz,2021,b12,106
np,2021,b12,1
nl,2021,b12,178
nz,2021,b12,0
ni,2021,b12,1
ng,2021,b12,199
Northern Mariana Islands,2021,b12,373
no,2021,b12,1
pk,2021,b12,3
pa,2021,b12,1
pe,2021,b12,3
ph,2021,b12,4
pl,2021,b12,0
pt,2021,b12,184
pr,2021,b12,8
ro,2021,b12,2
ru,2021,b12,17
ws,2021,b12,3
sa,2021,b12,0
sn,2021,b12,14
sc,2021,b12,91
sl,2021,b12,0
sg,2021,b12,1
Sint Maarten,2021,b12,915
si,2021,b12,137
za,2021,b12,966
kr,2021,b12,5
es,2021,b12,2
lk,2021,b12,25
St Kitts & Nevis,2021,b12,30
St Lucia,2021,b12,406
se,2021,b12,0
ch,2021,b12,0
tw,2021,b12,4
tz,2021,b12,2
th,2021,b12,35
The Bahamas,2021,b12,265
Tonga,2021,b12,0
tt,2021,b12,163
tr,2021,b12,72
U.S. Virgin Islands,2021,b12,414
ua,2021,b12,10
ae,2021,b12,545
gb,2021,b12,1
Channel Islands,2021,b12,1
England,2021,b12,1
Northern Ireland,2021,b12,21
Scotland,2021,b12,462
Whales,2021,b12,88
us,2021,b12,67
uy,2021,b12,1
vu,2021,b12,75
ve,2021,b12,3
vn,2021,b12,1
Wallis and Futuna,2021,b12,413
Location Not Recorded,2021,b12,15
ax,2020,b12,0
ag,2020,b12,191
ar,2020,b12,0
Aruba,2020,b12,0
au,2020,b12,465
at,2020,b12,0
bd,2020,b12,459
bb,2020,b12,635
bz,2020,b12,54
Bermuda,2020,b12,244
Bonaire,2020,b12,15
br,2020,b12,101
vg,2020,b12,22
bn,2020,b12,346
bi,2020,b12,0
cm,2020,b12,0
ca,2020,b12,6
ky,2020,b12,9
cl,2020,b12,41
cn,2020,b12,5
co,2020,b12,673
cr,2020,b12,0
hr,2020,b12,17
cy,2020,b12,6
dk,2020,b12,7
do,2020,b12,117
eg,2020,b12,0
ee,2020,b12,0
fi,2020,b12,1
fr,2020,b12,2
de,2020,b12,64
gh,2020,b12,11
gr,2020,b12,105
gd,2020,b12,242
Guam,2020,b12,41
gt,2020,b12,0
gy,2020,b12,50
hk,2020,b12,195
in,2020,b12,37
id,2020,b12,4
ie,2020,b12,67
il,2020,b12,1
it,2020,b12,234
jm,2020,b12,2
jp,2020,b12,1
ke,2020,b12,1
kw,2020,b12,5
Macao,2020,b12,0
mw,2020,b12,52
my,2020,b12,9
Maldives,2020,b12,0
Mauritius,2020,b12,117
mx,2020,b12,2
Montserrat,2020,b12,3
ma,2020,b12,0
mz,2020,b12,64
nl,2020,b12,49
nz,2020,b12,8
ni,2020,b12,3
ng,2020,b12,388
Northern Mariana Islands,2020,b12,654
no,2020,b12,1
om,2020,b12,0
pa,2020,b12,0
pe,2020,b12,189
ph,2020,b12,86
pl,2020,b12,2
pt,2020,b12,204
pr,2020,b12,2
ru,2020,b12,0
sa,2020,b12,2
sn,2020,b12,313
sc,2020,b12,0
sl,2020,b12,145
sg,2020,b12,109
Sint Eustatius,2020,b12,0
Sint Maarten,2020,b12,7
za,2020,b12,2
kr,2020,b12,5
es,2020,b12,1
lk,2020,b12,7
St Kitts & Nevis,2020,b12,397
St Lucia,2020,b12,0
sr,2020,b12,0
se,2020,b12,78
tw,2020,b12,5
tz,2020,b12,649
th,2020,b12,14
The Bahamas,2020,b12,58
tt,2020,b12,759
tr,2020,b12,289
Turks and Caicos Islands,2020,b12,0
U.S. Virgin Islands,2020,b12,95
ua,2020,b12,0
ae,2020,b12,126
gb,2020,b12,1
Channel Islands,2020,b12,1
England,2020,b12,1
Northern Ireland,2020,b12,11
Scotland,2020,b12,316
Wales,2020,b12,20
us,2020,b12,66
uy,2020,b12,2
vu,2020,b12,73
ve,2020,b12,32
vn,2020,b12,1
Location Not Recorded,2020,b12,16
ax,2023,b13,0
ag,2023,b13,14
ar,2023,b13,12
au,2023,b13,53
at,2023,b13,0
bs,2023,b13,597
bd,2023,b13,1
bb,2023,b13,773
be,2023,b13,1
bz,2023,b13,1
Bermuda,2023,b13,1
Bonaire,2023,b13,0
bw,2023,b13,0
br,2023,b13,1
vg,2023,b13,73
bn,2023,b13,188
kh,2023,b13,94
cm,2023,b13,0
ca,2023,b13,2
ky,2023,b13,58
cl,2023,b13,3
cn,2023,b13,721
co,2023,b13,678
cr,2023,b13,97
hr,2023,b13,0
cu,2023,b13,0
cy,2023,b13,1
cz,2023,b13,6
dk,2023,b13,5
do,2023,b13,67
ec,2023,b13,19
eg,2023,b13,0
fj,2023,b13,0
fi,2023,b13,0
fr,2023,b13,74
pf,2023,b13,11
gm,2023,b13,0
de,2023,b13,45
gh,2023,b13,862
gr,2023,b13,1
gd,2023,b13,22
Guam,2023,b13,691
gt,2023,b13,15
gy,2023,b13,265
hn,2023,b13,24
hk,2023,b13,603
hu,2023,b13,0
in,2023,b13,117
id,2023,b13,3
ie,2023,b13,1
il,2023,b13,21
it,2023,b13,182
jm,2023,b13,23
jp,2023,b13,3
jo,2023,b13,0
ke,2023,b13,775
ki,2023,b13,0
kw,2023,b13,0
lv,2023,b13,10
lt,2023,b13,42
mw,2023,b13,61
my,2023,b13,23
Maldives,2023,b13,0
Malta,2023,b13,0
mx,2023,b13,2
me,2023,b13,0
ma,2023,b13,176
mz,2023,b13,75
Myanmar (Burma),2023,b13,0
np,2023,b13,0
nl,2023,b13,27
nz,2023,b13,513
ni,2023,b13,6
ng,2023,b13,928
Northern Mariana,2023,b13,644
Islands,2023,b13,0
no,2023,b13,401
pk,2023,b13,1
pa,2023,b13,173
pe,2023,b13,2
ph,2023,b13,211
pl,2023,b13,145
pt,2023,b13,315
pr,2023,b13,10
Saba,2023,b13,1
ws,2023,b13,222
sa,2023,b13,33
sc,2023,b13,104
sl,2023,b13,0
sg,2023,b13,2
Sint Eustatius,2023,b13,92
Sint Maarten,2023,b13,148
si,2023,b13,13
sb,2023,b13,258
za,2023,b13,145
kr,2023,b13,1
es,2023,b13,1
lk,2023,b13,1
St Kitts & Nevis,2023,b13,1
St Lucia,2023,b13,145
St Vincent and the Grenadines,2023,b13,2
se,2023,b13,1
ch,2023,b13,39
tw,2023,b13,105
tz,2023,b13,1
th,2023,b13,31
Tonga,2023,b13,379
tt,2023,b13,4
tr,2023,b13,39
U.S. Virgin Islands,2023,b13,733
ug,2023,b13,115
ae,2023,b13,645
gb,2023,b13,2
us,2023,b13,54
uy,2023,b13,18
vu,2023,b13,38
ve,2023,b13,11
vn,2023,b13,205
Wallis and Futuna,2023,b13,24
ax,2022,b13,0
ao,2022,b13,1
ag,2022,b13,18
au,2022,b13,416
bs,2022,b13,736
bd,2022,b13,2
bb,2022,b13,1
bz,2022,b13,2
Bermuda,2022,b13,412
Bonaire,2022,b13,7
br,2022,b13,718
vg,2022,b13,181
bn,2022,b13,79
cm,2022,b13,498
ca,2022,b13,5
ky,2022,b13,1
cl,2022,b13,3
cn,2022,b13,102
co,2022,b13,595
cr,2022,b13,33
hr,2022,b13,3
Curaçao,2022,b13,2
cy,2022,b13,2
do,2022,b13,80
ec,2022,b13,9
eg,2022,b13,12
fi,2022,b13,0
fr,2022,b13,841
gm,2022,b13,1
de,2022,b13,72
gh,2022,b13,11
gr,2022,b13,2
Guam,2022,b13,629
Guernsey,2022,b13,11
hk,2022,b13,964
is,2022,b13,31
in,2022,b13,27
id,2022,b13,1
ie,2022,b13,511
il,2022,b13,111
it,2022,b13,87
jm,2022,b13,13
jp,2022,b13,2
ke,2022,b13,10
kw,2022,b13,0
my,2022,b13,16
Maldives,2022,b13,1
Malta,2022,b13,0
mr,2022,b13,0
Mauritius,2022,b13,259
mx,2022,b13,5
ma,2022,b13,0
nl,2022,b13,38
nz,2022,b13,0
ni,2022,b13,75
ng,2022,b13,1
Northern Mariana Islands,2022,b13,713
no,2022,b13,191
om,2022,b13,131
pa,2022,b13,792
pe,2022,b13,21
ph,2022,b13,236
pl,2022,b13,1
pt,2022,b13,717
pr,2022,b13,7
ro,2022,b13,0
ws,2022,b13,25
sc,2022,b13,84
sl,2022,b13,125
sg,2022,b13,2
Sint Eustatius,2022,b13,0
Sint Maarten,2022,b13,492
sb,2022,b13,400
za,2022,b13,673
kr,2022,b13,2
es,2022,b13,1
lk,2022,b13,4
St Kitts & Nevis,2022,b13,62
St Lucia,2022,b13,119
St Vincent and the Grenadines,2022,b13,32
se,2022,b13,2
tw,2022,b13,2
tz,2022,b13,346
th,2022,b13,19
tt,2022,b13,1
tr,2022,b13,255
U.S. Virgin Islands,2022,b13,765
ug,2022,b13,579
ae,2022,b13,482
gb,2022,b13,2
us,2022,b13,62
uy,2022,b13,13
vu,2022,b13,234
ve,2022,b13,11
vn,2022,b13,2
Wallis and Futuna,2022,b13,56
dz,2021,b13,0
American ws,2021,b13,0
ag,2021,b13,0
ar,2021,b13,0
Aruba,2021,b13,0
au,2021,b13,0
az,2021,b13,0
bd,2021,b13,0
bz,2021,b13,0
Bermuda,2021,b13,0
Bonaire,2021,b13,0
br,2021,b13,0
vg,2021,b13,0
bg,2021,b13,0
kh,2021,b13,0
cm,2021,b13,0
ca,2021,b13,0
cl,2021,b13,0
cn,2021,b13,0
co,2021,b13,0
cr,2021,b13,0
hr,2021,b13,0
cy,2021,b13,0
cz,2021,b13,0
dk,2021,b13,0
do,2021,b13,0
ec,2021,b13,0
eg,2021,b13,0
sv,2021,b13,0
fi,2021,b13,0
fr,2021,b13,0
de,2021,b13,0
gh,2021,b13,0
gr,2021,b13,0
Guam,2021,b13,0
gt,2021,b13,0
gy,2021,b13,0
hk,2021,b13,0
hu,2021,b13,0
is,2021,b13,0
in,2021,b13,0
id,2021,b13,0
ir,2021,b13,0
ie,2021,b13,0
il,2021,b13,0
it,2021,b13,0
jm,2021,b13,0
jp,2021,b13,0
kz,2021,b13,0
ke,2021,b13,0
mg,2021,b13,0
my,2021,b13,0
Mauritius,2021,b13,0
mx,2021,b13,0
mn,2021,b13,0
mz,2021,b13,0
np,2021,b13,0
nl,2021,b13,0
nz,2021,b13,0
ni,2021,b13,0
ng,2021,b13,0
Northern Mariana Islands,2021,b13,0
no,2021,b13,0
pk,2021,b13,0
pa,2021,b13,0
pe,2021,b13,0
ph,2021,b13,0
pl,2021,b13,0
pt,2021,b13,0
pr,2021,b13,0
ro,2021,b13,0
ru,2021,b13,0
ws,2021,b13,0
sa,2021,b13,0
sn,2021,b13,0
sc,2021,b13,0
sl,2021,b13,0
sg,2021,b13,0
Sint Maarten,2021,b13,0
si,2021,b13,0
za,2021,b13,0
kr,2021,b13,0
es,2021,b13,0
lk,2021,b13,0
St Kitts & Nevis,2021,b13,0
St Lucia,2021,b13,0
se,2021,b13,0
ch,2021,b13,0
tw,2021,b13,0
tz,2021,b13,0
th,2021,b13,0
The Bahamas,2021,b13,0
Tonga,2021,b13,0
tt,2021,b13,0
tr,2021,b13,0
U.S. Virgin Islands,2021,b13,0
ua,2021,b13,0
ae,2021,b13,0
gb,2021,b13,0
Channel Islands,2021,b13,0
England,2021,b13,0
Northern Ireland,2021,b13,0
Scotland,2021,b13,0
Whales,2021,b13,0
us,2021,b13,0
uy,2021,b13,0
vu,2021,b13,0
ve,2021,b13,0
vn,2021,b13,0
Wallis and Futuna,2021,b13,0
Location Not Recorded,2021,b13,0
ax,2020,b13,0
ag,2020,b13,0
ar,2020,b13,0
Aruba,2020,b13,0
au,2020,b13,0
at,2020,b13,0
bd,2020,b13,0
bb,2020,b13,0
bz,2020,b13,0
Bermuda,2020,b13,0
Bonaire,2020,b13,0
br,2020,b13,0
vg,2020,b13,0
bn,2020,b13,0
bi,2020,b13,0
cm,2020,b13,0
ca,2020,b13,0
ky,2020,b13,0
cl,2020,b13,0
cn,2020,b13,0
co,2020,b13,0
cr,2020,b13,0
hr,2020,b13,0
cy,2020,b13,0
dk,2020,b13,0
do,2020,b13,0
eg,2020,b13,0
ee,2020,b13,0
fi,2020,b13,0
fr,2020,b13,0
de,2020,b13,0
gh,2020,b13,0
gr,2020,b13,0
gd,2020,b13,0
Guam,2020,b13,0
gt,2020,b13,0
gy,2020,b13,0
hk,2020,b13,0
in,2020,b13,0
id,2020,b13,0
ie,2020,b13,0
il,2020,b13,0
it,2020,b13,0
jm,2020,b13,0
jp,2020,b13,0
ke,2020,b13,0
kw,2020,b13,0
Macao,2020,b13,0
mw,2020,b13,0
my,2020,b13,0
Maldives,2020,b13,0
Mauritius,2020,b13,0
mx,2020,b13,0
Montserrat,2020,b13,0
ma,2020,b13,0
mz,2020,b13,0
nl,2020,b13,0
nz,2020,b13,0
ni,2020,b13,0
ng,2020,b13,0
Northern Mariana Islands,2020,b13,0
no,2020,b13,0
om,2020,b13,0
pa,2020,b13,0
pe,2020,b13,0
ph,2020,b13,0
pl,2020,b13,0
pt,2020,b13,0
pr,2020,b13,0
ru,2020,b13,0
sa,2020,b13,0
sn,2020,b13,0
sc,2020,b13,0
sl,2020,b13,0
sg,2020,b13,0
Sint Eustatius,2020,b13,0
Sint Maarten,2020,b13,0
za,2020,b13,0
kr,2020,b13,0
es,2020,b13,0
lk,2020,b13,0
St Kitts & Nevis,2020,b13,0
St Lucia,2020,b13,0
sr,2020,b13,0
se,2020,b13,0
tw,2020,b13,0
tz,2020,b13,0
th,2020,b13,0
The Bahamas,2020,b13,0
tt,2020,b13,0
tr,2020,b13,0
Turks and Caicos Islands,2020,b13,0
U.S. Virgin Islands,2020,b13,0
ua,2020,b13,0
ae,2020,b13,0
gb,2020,b13,0
Channel Islands,2020,b13,0
England,2020,b13,0
Northern Ireland,2020,b13,0
Scotland,2020,b13,0
Wales,2020,b13,0
us,2020,b13,0
uy,2020,b13,0
vu,2020,b13,0
ve,2020,b13,0
vn,2020,b13,0
Location Not Recorded,2020,b13,0
ax,2023,b14,0
ag,2023,b14,9
ar,2023,b14,2
au,2023,b14,98
at,2023,b14,0
bs,2023,b14,535
bd,2023,b14,3
bb,2023,b14,493
be,2023,b14,0
bz,2023,b14,1
Bermuda,2023,b14,314
Bonaire,2023,b14,20
bw,2023,b14,0
br,2023,b14,1
vg,2023,b14,50
bn,2023,b14,125
kh,2023,b14,504
cm,2023,b14,0
ca,2023,b14,3
ky,2023,b14,19
cl,2023,b14,1
cn,2023,b14,103
co,2023,b14,69
cr,2023,b14,65
hr,2023,b14,0
cu,2023,b14,0
cy,2023,b14,24
cz,2023,b14,1
dk,2023,b14,2
do,2023,b14,134
ec,2023,b14,5
eg,2023,b14,0
fj,2023,b14,0
fi,2023,b14,0
fr,2023,b14,9
pf,2023,b14,1
gm,2023,b14,0
de,2023,b14,77
gh,2023,b14,9
gr,2023,b14,6
gd,2023,b14,0
Guam,2023,b14,277
gt,2023,b14,0
gy,2023,b14,313
hn,2023,b14,57
hk,2023,b14,208
hu,2023,b14,0
in,2023,b14,86
id,2023,b14,2
ie,2023,b14,506
il,2023,b14,6
it,2023,b14,536
jm,2023,b14,3
jp,2023,b14,1
jo,2023,b14,4
ke,2023,b14,1
ki,2023,b14,0
kw,2023,b14,0
lv,2023,b14,0
lt,2023,b14,9
mw,2023,b14,185
my,2023,b14,12
Maldives,2023,b14,0
Malta,2023,b14,13
mx,2023,b14,1
me,2023,b14,0
ma,2023,b14,114
mz,2023,b14,90
Myanmar (Burma),2023,b14,0
np,2023,b14,3
nl,2023,b14,13
nz,2023,b14,536
ni,2023,b14,6
ng,2023,b14,600
Northern Mariana,2023,b14,174
Islands,2023,b14,0
no,2023,b14,367
pk,2023,b14,0
pa,2023,b14,29
pe,2023,b14,479
ph,2023,b14,87
pl,2023,b14,6
pt,2023,b14,463
pr,2023,b14,20
Saba,2023,b14,0
ws,2023,b14,8
sa,2023,b14,8
sc,2023,b14,467
sl,2023,b14,0
sg,2023,b14,1
Sint Eustatius,2023,b14,66
Sint Maarten,2023,b14,286
si,2023,b14,33
sb,2023,b14,7
za,2023,b14,86
kr,2023,b14,938
es,2023,b14,1
lk,2023,b14,1
St Kitts & Nevis,2023,b14,0
St Lucia,2023,b14,58
St Vincent and the Grenadines,2023,b14,0
se,2023,b14,0
ch,2023,b14,17
tw,2023,b14,12
tz,2023,b14,346
th,2023,b14,15
Tonga,2023,b14,67
tt,2023,b14,1
tr,2023,b14,22
U.S. Virgin Islands,2023,b14,876
ug,2023,b14,38
ae,2023,b14,287
gb,2023,b14,1
us,2023,b14,61
uy,2023,b14,0
vu,2023,b14,14
ve,2023,b14,11
vn,2023,b14,1
Wallis and Futuna,2023,b14,4
ax,2022,b14,0
ao,2022,b14,0
ag,2022,b14,18
au,2022,b14,866
bs,2022,b14,485
bd,2022,b14,3
bb,2022,b14,434
bz,2022,b14,1
Bermuda,2022,b14,169
Bonaire,2022,b14,44
br,2022,b14,582
vg,2022,b14,1
bn,2022,b14,59
cm,2022,b14,1
ca,2022,b14,4
ky,2022,b14,0
cl,2022,b14,2
cn,2022,b14,92
co,2022,b14,46
cr,2022,b14,77
hr,2022,b14,0
Curaçao,2022,b14,0
cy,2022,b14,6
do,2022,b14,126
ec,2022,b14,5
eg,2022,b14,0
fi,2022,b14,0
fr,2022,b14,74
gm,2022,b14,0
de,2022,b14,35
gh,2022,b14,999
gr,2022,b14,9
Guam,2022,b14,247
Guernsey,2022,b14,0
hk,2022,b14,613
is,2022,b14,105
in,2022,b14,62
id,2022,b14,318
ie,2022,b14,561
il,2022,b14,16
it,2022,b14,179
jm,2022,b14,2
jp,2022,b14,1
ke,2022,b14,5
kw,2022,b14,0
my,2022,b14,14
Maldives,2022,b14,0
Malta,2022,b14,0
mr,2022,b14,0
Mauritius,2022,b14,43
mx,2022,b14,2
ma,2022,b14,0
nl,2022,b14,8
nz,2022,b14,0
ni,2022,b14,154
ng,2022,b14,489
Northern Mariana Islands,2022,b14,170
no,2022,b14,231
om,2022,b14,3
pa,2022,b14,161
pe,2022,b14,9
ph,2022,b14,40
pl,2022,b14,3
pt,2022,b14,1
pr,2022,b14,16
ro,2022,b14,0
ws,2022,b14,0
sc,2022,b14,380
sl,2022,b14,198
sg,2022,b14,1
Sint Eustatius,2022,b14,0
Sint Maarten,2022,b14,344
sb,2022,b14,41
za,2022,b14,2
kr,2022,b14,2
es,2022,b14,1
lk,2022,b14,3
St Kitts & Nevis,2022,b14,18
St Lucia,2022,b14,109
St Vincent and the Grenadines,2022,b14,0
se,2022,b14,1
tw,2022,b14,7
tz,2022,b14,664
th,2022,b14,5
tt,2022,b14,517
tr,2022,b14,12
U.S. Virgin Islands,2022,b14,1
ug,2022,b14,838
ae,2022,b14,139
gb,2022,b14,1
us,2022,b14,108
uy,2022,b14,42
vu,2022,b14,78
ve,2022,b14,12
vn,2022,b14,958
Wallis and Futuna,2022,b14,0
dz,2021,b14,0
American ws,2021,b14,78
ag,2021,b14,19
ar,2021,b14,0
Aruba,2021,b14,0
au,2021,b14,1
az,2021,b14,0
bd,2021,b14,3
bz,2021,b14,201
Bermuda,2021,b14,0
Bonaire,2021,b14,96
br,2021,b14,912
vg,2021,b14,52
bg,2021,b14,2
kh,2021,b14,0
cm,2021,b14,0
ca,2021,b14,9
cl,2021,b14,2
cn,2021,b14,381
co,2021,b14,75
cr,2021,b14,2
hr,2021,b14,4
cy,2021,b14,49
cz,2021,b14,0
dk,2021,b14,0
do,2021,b14,31
ec,2021,b14,7
eg,2021,b14,40
sv,2021,b14,0
fi,2021,b14,0
fr,2021,b14,142
de,2021,b14,391
gh,2021,b14,0
gr,2021,b14,7
Guam,2021,b14,1
gt,2021,b14,10
gy,2021,b14,37
hk,2021,b14,123
hu,2021,b14,2
is,2021,b14,4
in,2021,b14,82
id,2021,b14,349
ir,2021,b14,0
ie,2021,b14,531
il,2021,b14,4
it,2021,b14,314
jm,2021,b14,1
jp,2021,b14,981
kz,2021,b14,0
ke,2021,b14,3
mg,2021,b14,0
my,2021,b14,1
Mauritius,2021,b14,57
mx,2021,b14,52
mn,2021,b14,0
mz,2021,b14,91
np,2021,b14,0
nl,2021,b14,166
nz,2021,b14,0
ni,2021,b14,742
ng,2021,b14,263
Northern Mariana Islands,2021,b14,242
no,2021,b14,734
pk,2021,b14,32
pa,2021,b14,211
pe,2021,b14,606
ph,2021,b14,2
pl,2021,b14,0
pt,2021,b14,148
pr,2021,b14,28
ro,2021,b14,0
ru,2021,b14,15
ws,2021,b14,0
sa,2021,b14,0
sn,2021,b14,0
sc,2021,b14,278
sl,2021,b14,0
sg,2021,b14,1
Sint Maarten,2021,b14,240
si,2021,b14,113
za,2021,b14,2
kr,2021,b14,4
es,2021,b14,1
lk,2021,b14,16
St Kitts & Nevis,2021,b14,20
St Lucia,2021,b14,116
se,2021,b14,0
ch,2021,b14,0
tw,2021,b14,7
tz,2021,b14,586
th,2021,b14,3
The Bahamas,2021,b14,149
Tonga,2021,b14,0
tt,2021,b14,8
tr,2021,b14,10
U.S. Virgin Islands,2021,b14,1
ua,2021,b14,3
ae,2021,b14,201
gb,2021,b14,1
Channel Islands,2021,b14,3
England,2021,b14,880
Northern Ireland,2021,b14,38
Scotland,2021,b14,217
Whales,2021,b14,124
us,2021,b14,91
uy,2021,b14,182
vu,2021,b14,173
ve,2021,b14,3
vn,2021,b14,2
Wallis and Futuna,2021,b14,0
Location Not Recorded,2021,b14,10
ax,2020,b14,0
ag,2020,b14,167
ar,2020,b14,0
Aruba,2020,b14,0
au,2020,b14,1
at,2020,b14,0
bd,2020,b14,1
bb,2020,b14,821
bz,2020,b14,48
Bermuda,2020,b14,166
Bonaire,2020,b14,55
br,2020,b14,52
vg,2020,b14,8
bn,2020,b14,126
bi,2020,b14,0
cm,2020,b14,0
ca,2020,b14,4
ky,2020,b14,1
cl,2020,b14,29
cn,2020,b14,5
co,2020,b14,590
cr,2020,b14,0
hr,2020,b14,0
cy,2020,b14,31
dk,2020,b14,9
do,2020,b14,123
eg,2020,b14,0
ee,2020,b14,0
fi,2020,b14,0
fr,2020,b14,4
de,2020,b14,80
gh,2020,b14,37
gr,2020,b14,150
gd,2020,b14,202
Guam,2020,b14,24
gt,2020,b14,16
gy,2020,b14,2
hk,2020,b14,608
in,2020,b14,36
id,2020,b14,4
ie,2020,b14,10
il,2020,b14,57
it,2020,b14,270
jm,2020,b14,451
jp,2020,b14,1
ke,2020,b14,4
kw,2020,b14,1
Macao,2020,b14,1
mw,2020,b14,25
my,2020,b14,7
Maldives,2020,b14,0
Mauritius,2020,b14,111
mx,2020,b14,871
Montserrat,2020,b14,0
ma,2020,b14,0
mz,2020,b14,62
nl,2020,b14,9
nz,2020,b14,6
ni,2020,b14,1
ng,2020,b14,65
Northern Mariana Islands,2020,b14,206
no,2020,b14,784
om,2020,b14,0
pa,2020,b14,0
pe,2020,b14,27
ph,2020,b14,38
pl,2020,b14,2
pt,2020,b14,531
pr,2020,b14,7
ru,2020,b14,5
sa,2020,b14,0
sn,2020,b14,1
sc,2020,b14,3
sl,2020,b14,122
sg,2020,b14,275
Sint Eustatius,2020,b14,0
Sint Maarten,2020,b14,1
za,2020,b14,8
kr,2020,b14,1
es,2020,b14,938
lk,2020,b14,2
St Kitts & Nevis,2020,b14,219
St Lucia,2020,b14,0
sr,2020,b14,0
se,2020,b14,58
tw,2020,b14,9
tz,2020,b14,634
th,2020,b14,4
The Bahamas,2020,b14,61
tt,2020,b14,909
tr,2020,b14,64
Turks and Caicos Islands,2020,b14,0
U.S. Virgin Islands,2020,b14,365
ua,2020,b14,0
ae,2020,b14,38
gb,2020,b14,57
Channel Islands,2020,b14,0
England,2020,b14,55
Northern Ireland,2020,b14,2
Scotland,2020,b14,0
Wales,2020,b14,0
us,2020,b14,60
uy,2020,b14,1
vu,2020,b14,56
ve,2020,b14,307
vn,2020,b14,748
Location Not Recorded,2020,b14,14
ax,2023,b15,0
ag,2023,b15,0
ar,2023,b15,0
au,2023,b15,0
at,2023,b15,0
bs,2023,b15,0
bd,2023,b15,0
bb,2023,b15,0
be,2023,b15,0
bz,2023,b15,0
Bermuda,2023,b15,0
Bonaire,2023,b15,0
bw,2023,b15,0
br,2023,b15,0
vg,2023,b15,0
bn,2023,b15,0
kh,2023,b15,0
cm,2023,b15,0
ca,2023,b15,0
ky,2023,b15,0
cl,2023,b15,0
cn,2023,b15,0
co,2023,b15,0
cr,2023,b15,0
hr,2023,b15,0
cu,2023,b15,0
cy,2023,b15,0
cz,2023,b15,0
dk,2023,b15,0
do,2023,b15,0
ec,2023,b15,0
eg,2023,b15,0
fj,2023,b15,0
fi,2023,b15,0
fr,2023,b15,0
pf,2023,b15,0
gm,2023,b15,0
de,2023,b15,0
gh,2023,b15,0
gr,2023,b15,0
gd,2023,b15,0
Guam,2023,b15,0
gt,2023,b15,0
gy,2023,b15,0
hn,2023,b15,0
hk,2023,b15,0
hu,2023,b15,0
in,2023,b15,0
id,2023,b15,0
ie,2023,b15,0
il,2023,b15,0
it,2023,b15,0
jm,2023,b15,0
jp,2023,b15,0
jo,2023,b15,0
ke,2023,b15,0
ki,2023,b15,0
kw,2023,b15,0
lv,2023,b15,0
lt,2023,b15,0
mw,2023,b15,0
my,2023,b15,0
Maldives,2023,b15,0
Malta,2023,b15,0
mx,2023,b15,0
me,2023,b15,0
ma,2023,b15,0
mz,2023,b15,0
Myanmar (Burma),2023,b15,0
np,2023,b15,0
nl,2023,b15,0
nz,2023,b15,0
ni,2023,b15,0
ng,2023,b15,0
Northern Mariana,2023,b15,0
Islands,2023,b15,0
no,2023,b15,0
pk,2023,b15,0
pa,2023,b15,0
pe,2023,b15,0
ph,2023,b15,0
pl,2023,b15,0
pt,2023,b15,0
pr,2023,b15,0
Saba,2023,b15,0
ws,2023,b15,0
sa,2023,b15,0
sc,2023,b15,0
sl,2023,b15,0
sg,2023,b15,0
Sint Eustatius,2023,b15,0
Sint Maarten,2023,b15,0
si,2023,b15,0
sb,2023,b15,0
za,2023,b15,0
kr,2023,b15,0
es,2023,b15,0
lk,2023,b15,0
St Kitts & Nevis,2023,b15,0
St Lucia,2023,b15,0
St Vincent and the Grenadines,2023,b15,0
se,2023,b15,0
ch,2023,b15,0
tw,2023,b15,0
tz,2023,b15,0
th,2023,b15,0
Tonga,2023,b15,0
tt,2023,b15,0
tr,2023,b15,0
U.S. Virgin Islands,2023,b15,0
ug,2023,b15,0
ae,2023,b15,0
gb,2023,b15,0
us,2023,b15,0
uy,2023,b15,0
vu,2023,b15,0
ve,2023,b15,0
vn,2023,b15,0
Wallis and Futuna,2023,b15,0
ax,2022,b15,0
ao,2022,b15,0
ag,2022,b15,0
au,2022,b15,0
bs,2022,b15,0
bd,2022,b15,0
bb,2022,b15,0
bz,2022,b15,0
Bermuda,2022,b15,0
Bonaire,2022,b15,0
br,2022,b15,0
vg,2022,b15,0
bn,2022,b15,0
cm,2022,b15,0
ca,2022,b15,0
ky,2022,b15,0
cl,2022,b15,0
cn,2022,b15,0
co,2022,b15,0
cr,2022,b15,0
hr,2022,b15,0
Curaçao,2022,b15,0
cy,2022,b15,0
do,2022,b15,0
ec,2022,b15,0
eg,2022,b15,0
fi,2022,b15,0
fr,2022,b15,0
gm,2022,b15,0
de,2022,b15,0
gh,2022,b15,0
gr,2022,b15,0
Guam,2022,b15,0
Guernsey,2022,b15,0
hk,2022,b15,0
is,2022,b15,0
in,2022,b15,0
id,2022,b15,0
ie,2022,b15,0
il,2022,b15,0
it,2022,b15,0
jm,2022,b15,0
jp,2022,b15,0
ke,2022,b15,0
kw,2022,b15,0
my,2022,b15,0
Maldives,2022,b15,0
Malta,2022,b15,0
mr,2022,b15,0
Mauritius,2022,b15,0
mx,2022,b15,0
ma,2022,b15,0
nl,2022,b15,0
nz,2022,b15,0
ni,2022,b15,0
ng,2022,b15,0
Northern Mariana Islands,2022,b15,0
no,2022,b15,0
om,2022,b15,0
pa,2022,b15,0
pe,2022,b15,0
ph,2022,b15,0
pl,2022,b15,0
pt,2022,b15,0
pr,2022,b15,0
ro,2022,b15,0
ws,2022,b15,0
sc,2022,b15,0
sl,2022,b15,0
sg,2022,b15,0
Sint Eustatius,2022,b15,0
Sint Maarten,2022,b15,0
sb,2022,b15,0
za,2022,b15,0
kr,2022,b15,0
es,2022,b15,0
lk,2022,b15,0
St Kitts & Nevis,2022,b15,0
St Lucia,2022,b15,0
St Vincent and the Grenadines,2022,b15,0
se,2022,b15,0
tw,2022,b15,0
tz,2022,b15,0
th,2022,b15,0
tt,2022,b15,0
tr,2022,b15,0
U.S. Virgin Islands,2022,b15,0
ug,2022,b15,0
ae,2022,b15,0
gb,2022,b15,0
us,2022,b15,0
uy,2022,b15,0
vu,2022,b15,0
ve,2022,b15,0
vn,2022,b15,0
Wallis and Futuna,2022,b15,0
dz,2021,b15,0
American ws,2021,b15,50
ag,2021,b15,105
ar,2021,b15,0
Aruba,2021,b15,0
au,2021,b15,107
az,2021,b15,0
bd,2021,b15,0
bz,2021,b15,485
Bermuda,2021,b15,11
Bonaire,2021,b15,0
br,2021,b15,938
vg,2021,b15,291
bg,2021,b15,15
kh,2021,b15,30
cm,2021,b15,0
ca,2021,b15,567
cl,2021,b15,23
cn,2021,b15,63
co,2021,b15,0
cr,2021,b15,1
hr,2021,b15,6
cy,2021,b15,198
cz,2021,b15,0
dk,2021,b15,0
do,2021,b15,51
ec,2021,b15,94
eg,2021,b15,17
sv,2021,b15,0
fi,2021,b15,11
fr,2021,b15,1
de,2021,b15,242
gh,2021,b15,601
gr,2021,b15,56
Guam,2021,b15,49
gt,2021,b15,9
gy,2021,b15,0
hk,2021,b15,208
hu,2021,b15,0
is,2021,b15,0
in,2021,b15,15
id,2021,b15,312
ir,2021,b15,0
ie,2021,b15,896
il,2021,b15,3
it,2021,b15,575
jm,2021,b15,202
jp,2021,b15,1
kz,2021,b15,1
ke,2021,b15,1
mg,2021,b15,0
my,2021,b15,3
Mauritius,2021,b15,0
mx,2021,b15,335
mn,2021,b15,0
mz,2021,b15,0
np,2021,b15,0
nl,2021,b15,675
nz,2021,b15,5
ni,2021,b15,437
ng,2021,b15,0
Northern Mariana Islands,2021,b15,108
no,2021,b15,473
pk,2021,b15,0
pa,2021,b15,2
pe,2021,b15,1
ph,2021,b15,28
pl,2021,b15,3
pt,2021,b15,783
pr,2021,b15,36
ro,2021,b15,0
ru,2021,b15,6
ws,2021,b15,0
sa,2021,b15,0
sn,2021,b15,73
sc,2021,b15,146
sl,2021,b15,0
sg,2021,b15,1
Sint Maarten,2021,b15,809
si,2021,b15,0
za,2021,b15,201
kr,2021,b15,11
es,2021,b15,1
lk,2021,b15,0
St Kitts & Nevis,2021,b15,20
St Lucia,2021,b15,138
se,2021,b15,0
ch,2021,b15,0
tw,2021,b15,70
tz,2021,b15,0
th,2021,b15,2
The Bahamas,2021,b15,97
Tonga,2021,b15,0
tt,2021,b15,94
tr,2021,b15,0
U.S. Virgin Islands,2021,b15,398
ua,2021,b15,1
ae,2021,b15,390
gb,2021,b15,120
Channel Islands,2021,b15,0
England,2021,b15,98
Northern Ireland,2021,b15,0
Scotland,2021,b15,21
Whales,2021,b15,1
us,2021,b15,147
uy,2021,b15,1
vu,2021,b15,0
ve,2021,b15,110
vn,2021,b15,0
Wallis and Futuna,2021,b15,0
Location Not Recorded,2021,b15,25
ax,2020,b15,0
ag,2020,b15,392
ar,2020,b15,0
Aruba,2020,b15,0
au,2020,b15,208
at,2020,b15,0
bd,2020,b15,0
bb,2020,b15,0
bz,2020,b15,390
Bermuda,2020,b15,125
Bonaire,2020,b15,0
br,2020,b15,315
vg,2020,b15,84
bn,2020,b15,444
bi,2020,b15,0
cm,2020,b15,0
ca,2020,b15,530
ky,2020,b15,3
cl,2020,b15,99
cn,2020,b15,3
co,2020,b15,0
cr,2020,b15,0
hr,2020,b15,0
cy,2020,b15,0
dk,2020,b15,43
do,2020,b15,300
eg,2020,b15,0
ee,2020,b15,0
fi,2020,b15,0
fr,2020,b15,0
de,2020,b15,28
gh,2020,b15,0
gr,2020,b15,256
gd,2020,b15,2
Guam,2020,b15,292
gt,2020,b15,6
gy,2020,b15,0
hk,2020,b15,131
in,2020,b15,11
id,2020,b15,4
ie,2020,b15,219
il,2020,b15,239
it,2020,b15,1
jm,2020,b15,2
jp,2020,b15,304
ke,2020,b15,1
kw,2020,b15,3
Macao,2020,b15,0
mw,2020,b15,49
my,2020,b15,7
Maldives,2020,b15,0
Mauritius,2020,b15,13
mx,2020,b15,3
Montserrat,2020,b15,0
ma,2020,b15,0
mz,2020,b15,0
nl,2020,b15,13
nz,2020,b15,27
ni,2020,b15,1
ng,2020,b15,764
Northern Mariana Islands,2020,b15,320
no,2020,b15,39
om,2020,b15,0
pa,2020,b15,0
pe,2020,b15,81
ph,2020,b15,260
pl,2020,b15,3
pt,2020,b15,176
pr,2020,b15,8
ru,2020,b15,0
sa,2020,b15,2
sn,2020,b15,154
sc,2020,b15,0
sl,2020,b15,114
sg,2020,b15,259
Sint Eustatius,2020,b15,0
Sint Maarten,2020,b15,17
za,2020,b15,304
kr,2020,b15,16
es,2020,b15,332
lk,2020,b15,0
St Kitts & Nevis,2020,b15,241
St Lucia,2020,b15,0
sr,2020,b15,0
se,2020,b15,0
tw,2020,b15,0
tz,2020,b15,0
th,2020,b15,1
The Bahamas,2020,b15,0
tt,2020,b15,1
tr,2020,b15,0
Turks and Caicos Islands,2020,b15,0
U.S. Virgin Islands,2020,b15,116
ua,2020,b15,3
ae,2020,b15,55
gb,2020,b15,75
Channel Islands,2020,b15,0
England,2020,b15,71
Northern Ireland,2020,b15,4
Scotland,2020,b15,0
Wales,2020,b15,0
us,2020,b15,160
uy,2020,b15,28
vu,2020,b15,77
ve,2020,b15,58
vn,2020,b15,4
Location Not Recorded,2020,b15,40
ax,2023,b1,0
ag,2023,b1,0
ar,2023,b1,0
au,2023,b1,0
at,2023,b1,0
bs,2023,b1,0
bd,2023,b1,0
bb,2023,b1,0
be,2023,b1,0
bz,2023,b1,0
Bermuda,2023,b1,0
Bonaire,2023,b1,0
bw,2023,b1,0
br,2023,b1,0
vg,2023,b1,0
bn,2023,b1,0
kh,2023,b1,0
cm,2023,b1,0
ca,2023,b1,0
ky,2023,b1,0
cl,2023,b1,0
cn,2023,b1,0
co,2023,b1,0
cr,2023,b1,0
hr,2023,b1,0
cu,2023,b1,0
cy,2023,b1,0
cz,2023,b1,0
dk,2023,b1,0
do,2023,b1,0
ec,2023,b1,0
eg,2023,b1,0
fj,2023,b1,0
fi,2023,b1,0
fr,2023,b1,0
pf,2023,b1,0
gm,2023,b1,0
de,2023,b1,0
gh,2023,b1,0
gr,2023,b1,0
gd,2023,b1,0
Guam,2023,b1,0
gt,2023,b1,0
gy,2023,b1,0
hn,2023,b1,0
hk,2023,b1,0
hu,2023,b1,0
in,2023,b1,0
id,2023,b1,0
ie,2023,b1,0
il,2023,b1,0
it,2023,b1,0
jm,2023,b1,0
jp,2023,b1,0
jo,2023,b1,0
ke,2023,b1,0
ki,2023,b1,0
kw,2023,b1,0
lv,2023,b1,0
lt,2023,b1,0
mw,2023,b1,0
my,2023,b1,0
Maldives,2023,b1,0
Malta,2023,b1,0
mx,2023,b1,0
me,2023,b1,0
ma,2023,b1,0
mz,2023,b1,0
Myanmar (Burma),2023,b1,0
np,2023,b1,0
nl,2023,b1,0
nz,2023,b1,0
ni,2023,b1,0
ng,2023,b1,0
Northern Mariana,2023,b1,0
Islands,2023,b1,0
no,2023,b1,0
pk,2023,b1,0
pa,2023,b1,0
pe,2023,b1,0
ph,2023,b1,0
pl,2023,b1,0
pt,2023,b1,0
pr,2023,b1,0
Saba,2023,b1,0
ws,2023,b1,0
sa,2023,b1,0
sc,2023,b1,0
sl,2023,b1,0
sg,2023,b1,0
Sint Eustatius,2023,b1,0
Sint Maarten,2023,b1,0
si,2023,b1,0
sb,2023,b1,0
za,2023,b1,0
kr,2023,b1,0
es,2023,b1,0
lk,2023,b1,0
St Kitts & Nevis,2023,b1,0
St Lucia,2023,b1,0
St Vincent and the Grenadines,2023,b1,0
se,2023,b1,0
ch,2023,b1,0
tw,2023,b1,0
tz,2023,b1,0
th,2023,b1,0
Tonga,2023,b1,0
tt,2023,b1,0
tr,2023,b1,0
U.S. Virgin Islands,2023,b1,0
ug,2023,b1,0
ae,2023,b1,0
gb,2023,b1,0
us,2023,b1,0
uy,2023,b1,0
vu,2023,b1,0
ve,2023,b1,0
vn,2023,b1,0
Wallis and Futuna,2023,b1,0
ax,2022,b1,0
ao,2022,b1,0
ag,2022,b1,0
au,2022,b1,0
bs,2022,b1,0
bd,2022,b1,0
bb,2022,b1,0
bz,2022,b1,0
Bermuda,2022,b1,0
Bonaire,2022,b1,0
br,2022,b1,0
vg,2022,b1,0
bn,2022,b1,0
cm,2022,b1,0
ca,2022,b1,0
ky,2022,b1,0
cl,2022,b1,0
cn,2022,b1,0
co,2022,b1,0
cr,2022,b1,0
hr,2022,b1,0
Curaçao,2022,b1,0
cy,2022,b1,0
do,2022,b1,0
ec,2022,b1,0
eg,2022,b1,0
fi,2022,b1,0
fr,2022,b1,0
gm,2022,b1,0
de,2022,b1,0
gh,2022,b1,0
gr,2022,b1,0
Guam,2022,b1,0
Guernsey,2022,b1,0
hk,2022,b1,0
is,2022,b1,0
in,2022,b1,0
id,2022,b1,0
ie,2022,b1,0
il,2022,b1,0
it,2022,b1,0
jm,2022,b1,0
jp,2022,b1,0
ke,2022,b1,0
kw,2022,b1,0
my,2022,b1,0
Maldives,2022,b1,0
Malta,2022,b1,0
mr,2022,b1,0
Mauritius,2022,b1,0
mx,2022,b1,0
ma,2022,b1,0
nl,2022,b1,0
nz,2022,b1,0
ni,2022,b1,0
ng,2022,b1,0
Northern Mariana Islands,2022,b1,0
no,2022,b1,0
om,2022,b1,0
pa,2022,b1,0
pe,2022,b1,0
ph,2022,b1,0
pl,2022,b1,0
pt,2022,b1,0
pr,2022,b1,0
ro,2022,b1,0
ws,2022,b1,0
sc,2022,b1,0
sl,2022,b1,0
sg,2022,b1,0
Sint Eustatius,2022,b1,0
Sint Maarten,2022,b1,0
sb,2022,b1,0
za,2022,b1,0
kr,2022,b1,0
es,2022,b1,0
lk,2022,b1,0
St Kitts & Nevis,2022,b1,0
St Lucia,2022,b1,0
St Vincent and the Grenadines,2022,b1,0
se,2022,b1,0
tw,2022,b1,0
tz,2022,b1,0
th,2022,b1,0
tt,2022,b1,0
tr,2022,b1,0
U.S. Virgin Islands,2022,b1,0
ug,2022,b1,0
ae,2022,b1,0
gb,2022,b1,0
us,2022,b1,0
uy,2022,b1,0
vu,2022,b1,0
ve,2022,b1,0
vn,2022,b1,0
Wallis and Futuna,2022,b1,0
dz,2021,b1,0
American ws,2021,b1,296
ag,2021,b1,285
ar,2021,b1,0
Aruba,2021,b1,0
au,2021,b1,835
az,2021,b1,0
bd,2021,b1,169
bz,2021,b1,209
Bermuda,2021,b1,0
Bonaire,2021,b1,18
br,2021,b1,1
vg,2021,b1,322
bg,2021,b1,8
kh,2021,b1,0
cm,2021,b1,0
ca,2021,b1,5
cl,2021,b1,5
cn,2021,b1,439
co,2021,b1,97
cr,2021,b1,7
hr,2021,b1,3
cy,2021,b1,16
cz,2021,b1,0
dk,2021,b1,0
do,2021,b1,7
ec,2021,b1,10
eg,2021,b1,1
sv,2021,b1,0
fi,2021,b1,0
fr,2021,b1,164
de,2021,b1,971
gh,2021,b1,886
gr,2021,b1,3
Guam,2021,b1,5
gt,2021,b1,2
gy,2021,b1,818
hk,2021,b1,64
hu,2021,b1,1
is,2021,b1,3
in,2021,b1,10
id,2021,b1,363
ir,2021,b1,0
ie,2021,b1,1
il,2021,b1,26
it,2021,b1,136
jm,2021,b1,5
jp,2021,b1,1
kz,2021,b1,0
ke,2021,b1,1
mg,2021,b1,0
my,2021,b1,533
Mauritius,2021,b1,153
mx,2021,b1,125
mn,2021,b1,0
mz,2021,b1,159
np,2021,b1,2
nl,2021,b1,85
nz,2021,b1,3
ni,2021,b1,212
ng,2021,b1,187
Northern Mariana Islands,2021,b1,133
no,2021,b1,1
pk,2021,b1,4
pa,2021,b1,1
pe,2021,b1,735
ph,2021,b1,2
pl,2021,b1,0
pt,2021,b1,304
pr,2021,b1,16
ro,2021,b1,0
ru,2021,b1,20
ws,2021,b1,284
sa,2021,b1,0
sn,2021,b1,23
sc,2021,b1,93
sl,2021,b1,0
sg,2021,b1,203
Sint Maarten,2021,b1,982
si,2021,b1,28
za,2021,b1,1
kr,2021,b1,2
es,2021,b1,1
lk,2021,b1,43
St Kitts & Nevis,2021,b1,30
St Lucia,2021,b1,112
se,2021,b1,0
ch,2021,b1,0
tw,2021,b1,5
tz,2021,b1,1
th,2021,b1,24
The Bahamas,2021,b1,1
Tonga,2021,b1,0
tt,2021,b1,251
tr,2021,b1,163
U.S. Virgin Islands,2021,b1,1
ua,2021,b1,1
ae,2021,b1,746
gb,2021,b1,1
Channel Islands,2021,b1,0
England,2021,b1,700
Northern Ireland,2021,b1,42
Scotland,2021,b1,534
Whales,2021,b1,104
us,2021,b1,55
uy,2021,b1,665
vu,2021,b1,212
ve,2021,b1,3
vn,2021,b1,2
Wallis and Futuna,2021,b1,497
Location Not Recorded,2021,b1,9
ax,2020,b1,0
ag,2020,b1,682
ar,2020,b1,0
Aruba,2020,b1,0
au,2020,b1,1
at,2020,b1,0
bd,2020,b1,54
bb,2020,b1,1
bz,2020,b1,44
Bermuda,2020,b1,2
Bonaire,2020,b1,11
br,2020,b1,43
vg,2020,b1,168
bn,2020,b1,173
bi,2020,b1,0
cm,2020,b1,432
ca,2020,b1,2
ky,2020,b1,2
cl,2020,b1,9
cn,2020,b1,4
co,2020,b1,577
cr,2020,b1,0
hr,2020,b1,46
cy,2020,b1,115
dk,2020,b1,3
do,2020,b1,208
eg,2020,b1,0
ee,2020,b1,0
fi,2020,b1,0
fr,2020,b1,1
de,2020,b1,80
gh,2020,b1,653
gr,2020,b1,18
gd,2020,b1,671
Guam,2020,b1,16
gt,2020,b1,174
gy,2020,b1,599
hk,2020,b1,44
in,2020,b1,15
id,2020,b1,1
ie,2020,b1,42
il,2020,b1,31
it,2020,b1,585
jm,2020,b1,2
jp,2020,b1,1
ke,2020,b1,4
kw,2020,b1,2
Macao,2020,b1,22
mw,2020,b1,150
my,2020,b1,2
Maldives,2020,b1,0
Mauritius,2020,b1,450
mx,2020,b1,2
Montserrat,2020,b1,2
ma,2020,b1,0
mz,2020,b1,398
nl,2020,b1,11
nz,2020,b1,6
ni,2020,b1,521
ng,2020,b1,29
Northern Mariana Islands,2020,b1,269
no,2020,b1,1
om,2020,b1,0
pa,2020,b1,0
pe,2020,b1,105
ph,2020,b1,16
pl,2020,b1,1
pt,2020,b1,274
pr,2020,b1,6
ru,2020,b1,11
sa,2020,b1,2
sn,2020,b1,48
sc,2020,b1,3
sl,2020,b1,113
sg,2020,b1,42
Sint Eustatius,2020,b1,0
Sint Maarten,2020,b1,51
za,2020,b1,2
kr,2020,b1,2
es,2020,b1,584
lk,2020,b1,9
St Kitts & Nevis,2020,b1,390
St Lucia,2020,b1,0
sr,2020,b1,15
se,2020,b1,97
tw,2020,b1,7
tz,2020,b1,681
th,2020,b1,6
The Bahamas,2020,b1,198
tt,2020,b1,1
tr,2020,b1,430
Turks and Caicos Islands,2020,b1,0
U.S. Virgin Islands,2020,b1,487
ua,2020,b1,7
ae,2020,b1,254
gb,2020,b1,567
Channel Islands,2020,b1,0
England,2020,b1,431
Northern Ireland,2020,b1,4
Scotland,2020,b1,111
Wales,2020,b1,21
us,2020,b1,44
uy,2020,b1,1
vu,2020,b1,78
ve,2020,b1,0
vn,2020,b1,135
Location Not Recorded,2020,b1,11
ax,2023,b2,0
ag,2023,b2,0
ar,2023,b2,0
au,2023,b2,0
at,2023,b2,0
bs,2023,b2,0
bd,2023,b2,0
bb,2023,b2,0
be,2023,b2,0
bz,2023,b2,0
Bermuda,2023,b2,0
Bonaire,2023,b2,0
bw,2023,b2,0
br,2023,b2,0
vg,2023,b2,0
bn,2023,b2,0
kh,2023,b2,0
cm,2023,b2,0
ca,2023,b2,0
ky,2023,b2,0
cl,2023,b2,0
cn,2023,b2,0
co,2023,b2,0
cr,2023,b2,0
hr,2023,b2,0
cu,2023,b2,0
cy,2023,b2,0
cz,2023,b2,0
dk,2023,b2,0
do,2023,b2,0
ec,2023,b2,0
eg,2023,b2,0
fj,2023,b2,0
fi,2023,b2,0
fr,2023,b2,0
pf,2023,b2,0
gm,2023,b2,0
de,2023,b2,0
gh,2023,b2,0
gr,2023,b2,0
gd,2023,b2,0
Guam,2023,b2,0
gt,2023,b2,0
gy,2023,b2,0
hn,2023,b2,0
hk,2023,b2,0
hu,2023,b2,0
in,2023,b2,0
id,2023,b2,0
ie,2023,b2,0
il,2023,b2,0
it,2023,b2,0
jm,2023,b2,0
jp,2023,b2,0
jo,2023,b2,0
ke,2023,b2,0
ki,2023,b2,0
kw,2023,b2,0
lv,2023,b2,0
lt,2023,b2,0
mw,2023,b2,0
my,2023,b2,0
Maldives,2023,b2,0
Malta,2023,b2,0
mx,2023,b2,0
me,2023,b2,0
ma,2023,b2,0
mz,2023,b2,0
Myanmar (Burma),2023,b2,0
np,2023,b2,0
nl,2023,b2,0
nz,2023,b2,0
ni,2023,b2,0
ng,2023,b2,0
Northern Mariana,2023,b2,0
Islands,2023,b2,0
no,2023,b2,0
pk,2023,b2,0
pa,2023,b2,0
pe,2023,b2,0
ph,2023,b2,0
pl,2023,b2,0
pt,2023,b2,0
pr,2023,b2,0
Saba,2023,b2,0
ws,2023,b2,0
sa,2023,b2,0
sc,2023,b2,0
sl,2023,b2,0
sg,2023,b2,0
Sint Eustatius,2023,b2,0
Sint Maarten,2023,b2,0
si,2023,b2,0
sb,2023,b2,0
za,2023,b2,0
kr,2023,b2,0
es,2023,b2,0
lk,2023,b2,0
St Kitts & Nevis,2023,b2,0
St Lucia,2023,b2,0
St Vincent and the Grenadines,2023,b2,0
se,2023,b2,0
ch,2023,b2,0
tw,2023,b2,0
tz,2023,b2,0
th,2023,b2,0
Tonga,2023,b2,0
tt,2023,b2,0
tr,2023,b2,0
U.S. Virgin Islands,2023,b2,0
ug,2023,b2,0
ae,2023,b2,0
gb,2023,b2,0
us,2023,b2,0
uy,2023,b2,0
vu,2023,b2,0
ve,2023,b2,0
vn,2023,b2,0
Wallis and Futuna,2023,b2,0
ax,2022,b2,0
ao,2022,b2,0
ag,2022,b2,0
au,2022,b2,0
bs,2022,b2,0
bd,2022,b2,0
bb,2022,b2,0
bz,2022,b2,0
Bermuda,2022,b2,0
Bonaire,2022,b2,0
br,2022,b2,0
vg,2022,b2,0
bn,2022,b2,0
cm,2022,b2,0
ca,2022,b2,0
ky,2022,b2,0
cl,2022,b2,0
cn,2022,b2,0
co,2022,b2,0
cr,2022,b2,0
hr,2022,b2,0
Curaçao,2022,b2,0
cy,2022,b2,0
do,2022,b2,0
ec,2022,b2,0
eg,2022,b2,0
fi,2022,b2,0
fr,2022,b2,0
gm,2022,b2,0
de,2022,b2,0
gh,2022,b2,0
gr,2022,b2,0
Guam,2022,b2,0
Guernsey,2022,b2,0
hk,2022,b2,0
is,2022,b2,0
in,2022,b2,0
id,2022,b2,0
ie,2022,b2,0
il,2022,b2,0
it,2022,b2,0
jm,2022,b2,0
jp,2022,b2,0
ke,2022,b2,0
kw,2022,b2,0
my,2022,b2,0
Maldives,2022,b2,0
Malta,2022,b2,0
mr,2022,b2,0
Mauritius,2022,b2,0
mx,2022,b2,0
ma,2022,b2,0
nl,2022,b2,0
nz,2022,b2,0
ni,2022,b2,0
ng,2022,b2,0
Northern Mariana Islands,2022,b2,0
no,2022,b2,0
om,2022,b2,0
pa,2022,b2,0
pe,2022,b2,0
ph,2022,b2,0
pl,2022,b2,0
pt,2022,b2,0
pr,2022,b2,0
ro,2022,b2,0
ws,2022,b2,0
sc,2022,b2,0
sl,2022,b2,0
sg,2022,b2,0
Sint Eustatius,2022,b2,0
Sint Maarten,2022,b2,0
sb,2022,b2,0
za,2022,b2,0
kr,2022,b2,0
es,2022,b2,0
lk,2022,b2,0
St Kitts & Nevis,2022,b2,0
St Lucia,2022,b2,0
St Vincent and the Grenadines,2022,b2,0
se,2022,b2,0
tw,2022,b2,0
tz,2022,b2,0
th,2022,b2,0
tt,2022,b2,0
tr,2022,b2,0
U.S. Virgin Islands,2022,b2,0
ug,2022,b2,0
ae,2022,b2,0
gb,2022,b2,0
us,2022,b2,0
uy,2022,b2,0
vu,2022,b2,0
ve,2022,b2,0
vn,2022,b2,0
Wallis and Futuna,2022,b2,0
dz,2021,b2,0
American ws,2021,b2,622
ag,2021,b2,165
ar,2021,b2,0
Aruba,2021,b2,0
au,2021,b2,859
az,2021,b2,0
bd,2021,b2,132
bz,2021,b2,160
Bermuda,2021,b2,0
Bonaire,2021,b2,4
br,2021,b2,526
vg,2021,b2,159
bg,2021,b2,8
kh,2021,b2,13
cm,2021,b2,0
ca,2021,b2,14
cl,2021,b2,7
cn,2021,b2,225
co,2021,b2,105
cr,2021,b2,6
hr,2021,b2,2
cy,2021,b2,120
cz,2021,b2,2
dk,2021,b2,0
do,2021,b2,7
ec,2021,b2,6
eg,2021,b2,4
sv,2021,b2,2
fi,2021,b2,5
fr,2021,b2,456
de,2021,b2,225
gh,2021,b2,1
gr,2021,b2,2
Guam,2021,b2,33
gt,2021,b2,1
gy,2021,b2,530
hk,2021,b2,80
hu,2021,b2,0
is,2021,b2,0
in,2021,b2,9
id,2021,b2,67
ir,2021,b2,0
ie,2021,b2,1
il,2021,b2,43
it,2021,b2,171
jm,2021,b2,2
jp,2021,b2,2
kz,2021,b2,0
ke,2021,b2,763
mg,2021,b2,0
my,2021,b2,455
Mauritius,2021,b2,710
mx,2021,b2,68
mn,2021,b2,0
mz,2021,b2,130
np,2021,b2,1
nl,2021,b2,379
nz,2021,b2,0
ni,2021,b2,82
ng,2021,b2,331
Northern Mariana Islands,2021,b2,1
no,2021,b2,15
pk,2021,b2,2
pa,2021,b2,1
pe,2021,b2,737
ph,2021,b2,1
pl,2021,b2,12
pt,2021,b2,201
pr,2021,b2,14
ro,2021,b2,0
ru,2021,b2,9
ws,2021,b2,1
sa,2021,b2,0
sn,2021,b2,71
sc,2021,b2,67
sl,2021,b2,0
sg,2021,b2,262
Sint Maarten,2021,b2,345
si,2021,b2,91
za,2021,b2,527
kr,2021,b2,2
es,2021,b2,4
lk,2021,b2,148
St Kitts & Nevis,2021,b2,16
St Lucia,2021,b2,71
se,2021,b2,0
ch,2021,b2,0
tw,2021,b2,2
tz,2021,b2,417
th,2021,b2,4
The Bahamas,2021,b2,873
Tonga,2021,b2,0
tt,2021,b2,26
tr,2021,b2,36
U.S. Virgin Islands,2021,b2,617
ua,2021,b2,0
ae,2021,b2,647
gb,2021,b2,2
Channel Islands,2021,b2,1
England,2021,b2,1
Northern Ireland,2021,b2,80
Scotland,2021,b2,1
Whales,2021,b2,190
us,2021,b2,94
uy,2021,b2,312
vu,2021,b2,869
ve,2021,b2,1
vn,2021,b2,0
Wallis and Futuna,2021,b2,3
Location Not Recorded,2021,b2,9
ax,2020,b2,0
ag,2020,b2,329
ar,2020,b2,0
Aruba,2020,b2,0
au,2020,b2,1
at,2020,b2,0
bd,2020,b2,67
bb,2020,b2,484
bz,2020,b2,16
Bermuda,2020,b2,697
Bonaire,2020,b2,6
br,2020,b2,48
vg,2020,b2,90
bn,2020,b2,239
bi,2020,b2,0
cm,2020,b2,311
ca,2020,b2,8
ky,2020,b2,4
cl,2020,b2,11
cn,2020,b2,1
co,2020,b2,228
cr,2020,b2,0
hr,2020,b2,0
cy,2020,b2,100
dk,2020,b2,5
do,2020,b2,135
eg,2020,b2,0
ee,2020,b2,0
fi,2020,b2,0
fr,2020,b2,0
de,2020,b2,29
gh,2020,b2,770
gr,2020,b2,61
gd,2020,b2,653
Guam,2020,b2,119
gt,2020,b2,1
gy,2020,b2,143
hk,2020,b2,98
in,2020,b2,12
id,2020,b2,990
ie,2020,b2,202
il,2020,b2,112
it,2020,b2,514
jm,2020,b2,1
jp,2020,b2,2
ke,2020,b2,1
kw,2020,b2,3
Macao,2020,b2,4
mw,2020,b2,20
my,2020,b2,4
Maldives,2020,b2,0
Mauritius,2020,b2,3
mx,2020,b2,1
Montserrat,2020,b2,11
ma,2020,b2,0
mz,2020,b2,166
nl,2020,b2,82
nz,2020,b2,4
ni,2020,b2,462
ng,2020,b2,26
Northern Mariana Islands,2020,b2,2
no,2020,b2,11
om,2020,b2,0
pa,2020,b2,0
pe,2020,b2,69
ph,2020,b2,20
pl,2020,b2,0
pt,2020,b2,193
pr,2020,b2,5
ru,2020,b2,1
sa,2020,b2,3
sn,2020,b2,214
sc,2020,b2,11
sl,2020,b2,97
sg,2020,b2,35
Sint Eustatius,2020,b2,0
Sint Maarten,2020,b2,5
za,2020,b2,1
kr,2020,b2,2
es,2020,b2,1
lk,2020,b2,2
St Kitts & Nevis,2020,b2,311
St Lucia,2020,b2,0
sr,2020,b2,35
se,2020,b2,81
tw,2020,b2,1
tz,2020,b2,401
th,2020,b2,527
The Bahamas,2020,b2,155
tt,2020,b2,1
tr,2020,b2,130
Turks and Caicos Islands,2020,b2,0
U.S. Virgin Islands,2020,b2,341
ua,2020,b2,0
ae,2020,b2,220
gb,2020,b2,1
Channel Islands,2020,b2,4
England,2020,b2,990
Northern Ireland,2020,b2,131
Scotland,2020,b2,516
Wales,2020,b2,72
us,2020,b2,64
uy,2020,b2,1
vu,2020,b2,335
ve,2020,b2,9
vn,2020,b2,90
Location Not Recorded,2020,b2,9
ax,2023,b16,0
ag,2023,b16,13
ar,2023,b16,0
au,2023,b16,89
at,2023,b16,0
bs,2023,b16,407
bd,2023,b16,1
bb,2023,b16,450
be,2023,b16,0
bz,2023,b16,969
Bermuda,2023,b16,497
Bonaire,2023,b16,0
bw,2023,b16,0
br,2023,b16,248
vg,2023,b16,35
bn,2023,b16,284
kh,2023,b16,146
cm,2023,b16,0
ca,2023,b16,2
ky,2023,b16,4
cl,2023,b16,2
cn,2023,b16,409
co,2023,b16,786
cr,2023,b16,2
hr,2023,b16,0
cu,2023,b16,0
cy,2023,b16,3
cz,2023,b16,1
dk,2023,b16,0
do,2023,b16,298
ec,2023,b16,10
eg,2023,b16,0
fj,2023,b16,0
fi,2023,b16,0
fr,2023,b16,11
pf,2023,b16,1
gm,2023,b16,0
de,2023,b16,474
gh,2023,b16,1
gr,2023,b16,1
gd,2023,b16,2
Guam,2023,b16,241
gt,2023,b16,15
gy,2023,b16,493
hn,2023,b16,1
hk,2023,b16,201
hu,2023,b16,0
in,2023,b16,57
id,2023,b16,1
ie,2023,b16,1
il,2023,b16,50
it,2023,b16,370
jm,2023,b16,10
jp,2023,b16,3
jo,2023,b16,1
ke,2023,b16,1
ki,2023,b16,0
kw,2023,b16,0
lv,2023,b16,12
lt,2023,b16,10
mw,2023,b16,88
my,2023,b16,5
Maldives,2023,b16,0
Malta,2023,b16,3
mx,2023,b16,862
me,2023,b16,0
ma,2023,b16,40
mz,2023,b16,11
Myanmar (Burma),2023,b16,0
np,2023,b16,0
nl,2023,b16,1
nz,2023,b16,673
ni,2023,b16,26
ng,2023,b16,683
Northern Mariana,2023,b16,277
Islands,2023,b16,0
no,2023,b16,551
pk,2023,b16,0
pa,2023,b16,61
pe,2023,b16,3
ph,2023,b16,37
pl,2023,b16,9
pt,2023,b16,295
pr,2023,b16,2
Saba,2023,b16,0
ws,2023,b16,64
sa,2023,b16,2
sc,2023,b16,70
sl,2023,b16,0
sg,2023,b16,556
Sint Eustatius,2023,b16,24
Sint Maarten,2023,b16,35
si,2023,b16,242
sb,2023,b16,13
za,2023,b16,21
kr,2023,b16,547
es,2023,b16,2
lk,2023,b16,1
St Kitts & Nevis,2023,b16,0
St Lucia,2023,b16,289
St Vincent and the Grenadines,2023,b16,0
se,2023,b16,0
ch,2023,b16,5
tw,2023,b16,4
tz,2023,b16,113
th,2023,b16,2
Tonga,2023,b16,271
tt,2023,b16,2
tr,2023,b16,3
U.S. Virgin Islands,2023,b16,264
ug,2023,b16,83
ae,2023,b16,200
gb,2023,b16,30
us,2023,b16,20
uy,2023,b16,4
vu,2023,b16,56
ve,2023,b16,8
vn,2023,b16,1
Wallis and Futuna,2023,b16,16
ax,2022,b16,0
ao,2022,b16,1
ag,2022,b16,35
au,2022,b16,21
bs,2022,b16,428
bd,2022,b16,10
bb,2022,b16,327
bz,2022,b16,1
Bermuda,2022,b16,414
Bonaire,2022,b16,1
br,2022,b16,671
vg,2022,b16,120
bn,2022,b16,359
cm,2022,b16,17
ca,2022,b16,2
ky,2022,b16,1
cl,2022,b16,4
cn,2022,b16,143
co,2022,b16,379
cr,2022,b16,19
hr,2022,b16,0
Curaçao,2022,b16,5
cy,2022,b16,1
do,2022,b16,601
ec,2022,b16,15
eg,2022,b16,48
fi,2022,b16,0
fr,2022,b16,404
gm,2022,b16,22
de,2022,b16,39
gh,2022,b16,1
gr,2022,b16,1
Guam,2022,b16,422
Guernsey,2022,b16,3
hk,2022,b16,718
is,2022,b16,91
in,2022,b16,39
id,2022,b16,247
ie,2022,b16,964
il,2022,b16,50
it,2022,b16,32
jm,2022,b16,11
jp,2022,b16,4
ke,2022,b16,8
kw,2022,b16,0
my,2022,b16,17
Maldives,2022,b16,0
Malta,2022,b16,0
mr,2022,b16,0
Mauritius,2022,b16,161
mx,2022,b16,2
ma,2022,b16,0
nl,2022,b16,24
nz,2022,b16,0
ni,2022,b16,350
ng,2022,b16,345
Northern Mariana Islands,2022,b16,266
no,2022,b16,352
om,2022,b16,9
pa,2022,b16,929
pe,2022,b16,9
ph,2022,b16,76
pl,2022,b16,0
pt,2022,b16,269
pr,2022,b16,5
ro,2022,b16,0
ws,2022,b16,206
sc,2022,b16,31
sl,2022,b16,126
sg,2022,b16,1
Sint Eustatius,2022,b16,0
Sint Maarten,2022,b16,1
sb,2022,b16,398
za,2022,b16,406
kr,2022,b16,3
es,2022,b16,670
lk,2022,b16,1
St Kitts & Nevis,2022,b16,224
St Lucia,2022,b16,191
St Vincent and the Grenadines,2022,b16,75
se,2022,b16,1
tw,2022,b16,7
tz,2022,b16,579
th,2022,b16,4
tt,2022,b16,2
tr,2022,b16,35
U.S. Virgin Islands,2022,b16,356
ug,2022,b16,0
ae,2022,b16,509
gb,2022,b16,1
us,2022,b16,43
uy,2022,b16,5
vu,2022,b16,170
ve,2022,b16,11
vn,2022,b16,3
Wallis and Futuna,2022,b16,51
dz,2021,b16,0
American ws,2021,b16,0
ag,2021,b16,0
ar,2021,b16,0
Aruba,2021,b16,0
au,2021,b16,0
az,2021,b16,0
bd,2021,b16,0
bz,2021,b16,0
Bermuda,2021,b16,0
Bonaire,2021,b16,0
br,2021,b16,0
vg,2021,b16,0
bg,2021,b16,0
kh,2021,b16,0
cm,2021,b16,0
ca,2021,b16,0
cl,2021,b16,0
cn,2021,b16,0
co,2021,b16,0
cr,2021,b16,0
hr,2021,b16,0
cy,2021,b16,0
cz,2021,b16,0
dk,2021,b16,0
do,2021,b16,0
ec,2021,b16,0
eg,2021,b16,0
sv,2021,b16,0
fi,2021,b16,0
fr,2021,b16,0
de,2021,b16,0
gh,2021,b16,0
gr,2021,b16,0
Guam,2021,b16,0
gt,2021,b16,0
gy,2021,b16,0
hk,2021,b16,0
hu,2021,b16,0
is,2021,b16,0
in,2021,b16,0
id,2021,b16,0
ir,2021,b16,0
ie,2021,b16,0
il,2021,b16,0
it,2021,b16,0
jm,2021,b16,0
jp,2021,b16,0
kz,2021,b16,0
ke,2021,b16,0
mg,2021,b16,0
my,2021,b16,0
Mauritius,2021,b16,0
mx,2021,b16,0
mn,2021,b16,0
mz,2021,b16,0
np,2021,b16,0
nl,2021,b16,0
nz,2021,b16,0
ni,2021,b16,0
ng,2021,b16,0
Northern Mariana Islands,2021,b16,0
no,2021,b16,0
pk,2021,b16,0
pa,2021,b16,0
pe,2021,b16,0
ph,2021,b16,0
pl,2021,b16,0
pt,2021,b16,0
pr,2021,b16,0
ro,2021,b16,0
ru,2021,b16,0
ws,2021,b16,0
sa,2021,b16,0
sn,2021,b16,0
sc,2021,b16,0
sl,2021,b16,0
sg,2021,b16,0
Sint Maarten,2021,b16,0
si,2021,b16,0
za,2021,b16,0
kr,2021,b16,0
es,2021,b16,0
lk,2021,b16,0
St Kitts & Nevis,2021,b16,0
St Lucia,2021,b16,0
se,2021,b16,0
ch,2021,b16,0
tw,2021,b16,0
tz,2021,b16,0
th,2021,b16,0
The Bahamas,2021,b16,0
Tonga,2021,b16,0
tt,2021,b16,0
tr,2021,b16,0
U.S. Virgin Islands,2021,b16,0
ua,2021,b16,0
ae,2021,b16,0
gb,2021,b16,0
Channel Islands,2021,b16,0
England,2021,b16,0
Northern Ireland,2021,b16,0
Scotland,2021,b16,0
Whales,2021,b16,0
us,2021,b16,0
uy,2021,b16,0
vu,2021,b16,0
ve,2021,b16,0
vn,2021,b16,0
Wallis and Futuna,2021,b16,0
Location Not Recorded,2021,b16,0
ax,2020,b16,0
ag,2020,b16,102
ar,2020,b16,0
Aruba,2020,b16,0
au,2020,b16,48
at,2020,b16,0
bd,2020,b16,1
bb,2020,b16,472
bz,2020,b16,12
Bermuda,2020,b16,259
Bonaire,2020,b16,0
br,2020,b16,41
vg,2020,b16,22
bn,2020,b16,315
bi,2020,b16,0
cm,2020,b16,30
ca,2020,b16,2
ky,2020,b16,2
cl,2020,b16,14
cn,2020,b16,4
co,2020,b16,1
cr,2020,b16,0
hr,2020,b16,0
cy,2020,b16,5
dk,2020,b16,7
do,2020,b16,115
eg,2020,b16,0
ee,2020,b16,0
fi,2020,b16,0
fr,2020,b16,0
de,2020,b16,49
gh,2020,b16,34
gr,2020,b16,19
gd,2020,b16,105
Guam,2020,b16,3
gt,2020,b16,24
gy,2020,b16,12
hk,2020,b16,308
in,2020,b16,65
id,2020,b16,2
ie,2020,b16,72
il,2020,b16,305
it,2020,b16,365
jm,2020,b16,918
jp,2020,b16,3
ke,2020,b16,5
kw,2020,b16,11
Macao,2020,b16,10
mw,2020,b16,9
my,2020,b16,5
Maldives,2020,b16,0
Mauritius,2020,b16,159
mx,2020,b16,1
Montserrat,2020,b16,1
ma,2020,b16,0
mz,2020,b16,51
nl,2020,b16,8
nz,2020,b16,5
ni,2020,b16,482
ng,2020,b16,66
Northern Mariana Islands,2020,b16,321
no,2020,b16,1
om,2020,b16,0
pa,2020,b16,0
pe,2020,b16,32
ph,2020,b16,51
pl,2020,b16,0
pt,2020,b16,229
pr,2020,b16,1
ru,2020,b16,0
sa,2020,b16,2
sn,2020,b16,28
sc,2020,b16,0
sl,2020,b16,49
sg,2020,b16,96
Sint Eustatius,2020,b16,0
Sint Maarten,2020,b16,2
za,2020,b16,1
kr,2020,b16,2
es,2020,b16,799
lk,2020,b16,1
St Kitts & Nevis,2020,b16,87
St Lucia,2020,b16,0
sr,2020,b16,0
se,2020,b16,33
tw,2020,b16,6
tz,2020,b16,312
th,2020,b16,3
The Bahamas,2020,b16,39
tt,2020,b16,1
tr,2020,b16,613
Turks and Caicos Islands,2020,b16,0
U.S. Virgin Islands,2020,b16,216
ua,2020,b16,0
ae,2020,b16,101
gb,2020,b16,2
Channel Islands,2020,b16,3
England,2020,b16,2
Northern Ireland,2020,b16,21
Scotland,2020,b16,326
Wales,2020,b16,30
us,2020,b16,38
uy,2020,b16,1
vu,2020,b16,46
ve,2020,b16,4
vn,2020,b16,640
Location Not Recorded,2020,b16,12
ax,2023,b17,0
ag,2023,b17,47
ar,2023,b17,0
au,2023,b17,76
at,2023,b17,0
bs,2023,b17,1
bd,2023,b17,861
bb,2023,b17,1
be,2023,b17,0
bz,2023,b17,1
Bermuda,2023,b17,1
Bonaire,2023,b17,10
bw,2023,b17,0
br,2023,b17,881
vg,2023,b17,167
bn,2023,b17,186
kh,2023,b17,522
cm,2023,b17,389
ca,2023,b17,2
ky,2023,b17,14
cl,2023,b17,4
cn,2023,b17,466
co,2023,b17,7
cr,2023,b17,51
hr,2023,b17,0
cu,2023,b17,0
cy,2023,b17,9
cz,2023,b17,2
dk,2023,b17,7
do,2023,b17,319
ec,2023,b17,22
eg,2023,b17,1
fj,2023,b17,0
fi,2023,b17,0
fr,2023,b17,35
pf,2023,b17,0
gm,2023,b17,6
de,2023,b17,104
gh,2023,b17,1
gr,2023,b17,2
gd,2023,b17,8
Guam,2023,b17,483
gt,2023,b17,0
gy,2023,b17,533
hn,2023,b17,13
hk,2023,b17,274
hu,2023,b17,0
in,2023,b17,166
id,2023,b17,2
ie,2023,b17,511
il,2023,b17,118
it,2023,b17,464
jm,2023,b17,86
jp,2023,b17,1
jo,2023,b17,6
ke,2023,b17,855
ki,2023,b17,0
kw,2023,b17,0
lv,2023,b17,5
lt,2023,b17,17
mw,2023,b17,106
my,2023,b17,18
Maldives,2023,b17,0
Malta,2023,b17,6
mx,2023,b17,2
me,2023,b17,0
ma,2023,b17,219
mz,2023,b17,58
Myanmar (Burma),2023,b17,0
np,2023,b17,1
nl,2023,b17,10
nz,2023,b17,227
ni,2023,b17,48
ng,2023,b17,1
Northern Mariana,2023,b17,234
Islands,2023,b17,0
no,2023,b17,13
pk,2023,b17,0
pa,2023,b17,68
pe,2023,b17,3
ph,2023,b17,189
pl,2023,b17,62
pt,2023,b17,278
pr,2023,b17,18
Saba,2023,b17,0
ws,2023,b17,25
sa,2023,b17,3
sc,2023,b17,135
sl,2023,b17,0
sg,2023,b17,914
Sint Eustatius,2023,b17,122
Sint Maarten,2023,b17,184
si,2023,b17,100
sb,2023,b17,46
za,2023,b17,70
kr,2023,b17,1
es,2023,b17,2
lk,2023,b17,1
St Kitts & Nevis,2023,b17,3
St Lucia,2023,b17,247
St Vincent and the Grenadines,2023,b17,143
se,2023,b17,0
ch,2023,b17,52
tw,2023,b17,6
tz,2023,b17,263
th,2023,b17,8
Tonga,2023,b17,50
tt,2023,b17,7
tr,2023,b17,63
U.S. Virgin Islands,2023,b17,975
ug,2023,b17,43
ae,2023,b17,962
gb,2023,b17,402
us,2023,b17,52
uy,2023,b17,8
vu,2023,b17,8
ve,2023,b17,23
vn,2023,b17,1
Wallis and Futuna,2023,b17,4
ax,2022,b17,0
ao,2022,b17,0
ag,2022,b17,36
au,2022,b17,12
bs,2022,b17,541
bd,2022,b17,171
bb,2022,b17,311
bz,2022,b17,1
Bermuda,2022,b17,186
Bonaire,2022,b17,0
br,2022,b17,93
vg,2022,b17,90
bn,2022,b17,43
cm,2022,b17,711
ca,2022,b17,169
ky,2022,b17,0
cl,2022,b17,1
cn,2022,b17,69
co,2022,b17,1
cr,2022,b17,2
hr,2022,b17,0
Curaçao,2022,b17,0
cy,2022,b17,0
do,2022,b17,240
ec,2022,b17,6
eg,2022,b17,5
fi,2022,b17,0
fr,2022,b17,129
gm,2022,b17,1
de,2022,b17,21
gh,2022,b17,999
gr,2022,b17,2
Guam,2022,b17,372
Guernsey,2022,b17,1
hk,2022,b17,227
is,2022,b17,14
in,2022,b17,28
id,2022,b17,13
ie,2022,b17,692
il,2022,b17,24
it,2022,b17,17
jm,2022,b17,6
jp,2022,b17,198
ke,2022,b17,864
kw,2022,b17,0
my,2022,b17,7
Maldives,2022,b17,1
Malta,2022,b17,0
mr,2022,b17,0
Mauritius,2022,b17,264
mx,2022,b17,1
ma,2022,b17,0
nl,2022,b17,1
nz,2022,b17,0
ni,2022,b17,321
ng,2022,b17,1
Northern Mariana Islands,2022,b17,210
no,2022,b17,80
om,2022,b17,3
pa,2022,b17,340
pe,2022,b17,3
ph,2022,b17,98
pl,2022,b17,0
pt,2022,b17,185
pr,2022,b17,4
ro,2022,b17,0
ws,2022,b17,732
sc,2022,b17,11
sl,2022,b17,150
sg,2022,b17,1
Sint Eustatius,2022,b17,0
Sint Maarten,2022,b17,388
sb,2022,b17,8
za,2022,b17,120
kr,2022,b17,1
es,2022,b17,55
lk,2022,b17,910
St Kitts & Nevis,2022,b17,15
St Lucia,2022,b17,121
St Vincent and the Grenadines,2022,b17,14
se,2022,b17,0
tw,2022,b17,1
tz,2022,b17,614
th,2022,b17,106
tt,2022,b17,623
tr,2022,b17,13
U.S. Virgin Islands,2022,b17,194
ug,2022,b17,0
ae,2022,b17,230
gb,2022,b17,239
us,2022,b17,26
uy,2022,b17,3
vu,2022,b17,14
ve,2022,b17,4
vn,2022,b17,377
Wallis and Futuna,2022,b17,6
dz,2021,b17,0
American ws,2021,b17,197
ag,2021,b17,140
ar,2021,b17,0
Aruba,2021,b17,0
au,2021,b17,18
az,2021,b17,0
bd,2021,b17,76
bz,2021,b17,156
Bermuda,2021,b17,0
Bonaire,2021,b17,8
br,2021,b17,1
vg,2021,b17,146
bg,2021,b17,13
kh,2021,b17,0
cm,2021,b17,0
ca,2021,b17,6
cl,2021,b17,2
cn,2021,b17,18
co,2021,b17,1
cr,2021,b17,7
hr,2021,b17,0
cy,2021,b17,37
cz,2021,b17,0
dk,2021,b17,0
do,2021,b17,18
ec,2021,b17,16
eg,2021,b17,3
sv,2021,b17,6
fi,2021,b17,0
fr,2021,b17,260
de,2021,b17,213
gh,2021,b17,0
gr,2021,b17,4
Guam,2021,b17,0
gt,2021,b17,11
gy,2021,b17,965
hk,2021,b17,56
hu,2021,b17,0
is,2021,b17,0
in,2021,b17,23
id,2021,b17,181
ir,2021,b17,0
ie,2021,b17,218
il,2021,b17,49
it,2021,b17,165
jm,2021,b17,11
jp,2021,b17,512
kz,2021,b17,0
ke,2021,b17,12
mg,2021,b17,0
my,2021,b17,674
Mauritius,2021,b17,430
mx,2021,b17,80
mn,2021,b17,0
mz,2021,b17,125
np,2021,b17,1
nl,2021,b17,160
nz,2021,b17,0
ni,2021,b17,520
ng,2021,b17,326
Northern Mariana Islands,2021,b17,182
no,2021,b17,78
pk,2021,b17,4
pa,2021,b17,618
pe,2021,b17,1
ph,2021,b17,2
pl,2021,b17,1
pt,2021,b17,74
pr,2021,b17,17
ro,2021,b17,1
ru,2021,b17,9
ws,2021,b17,1
sa,2021,b17,0
sn,2021,b17,8
sc,2021,b17,76
sl,2021,b17,0
sg,2021,b17,398
Sint Maarten,2021,b17,200
si,2021,b17,84
za,2021,b17,461
kr,2021,b17,1
es,2021,b17,1
lk,2021,b17,3
St Kitts & Nevis,2021,b17,25
St Lucia,2021,b17,363
se,2021,b17,0
ch,2021,b17,0
tw,2021,b17,3
tz,2021,b17,1
th,2021,b17,4
The Bahamas,2021,b17,456
Tonga,2021,b17,0
tt,2021,b17,95
tr,2021,b17,78
U.S. Virgin Islands,2021,b17,704
ua,2021,b17,1
ae,2021,b17,650
gb,2021,b17,2
Channel Islands,2021,b17,2
England,2021,b17,2
Northern Ireland,2021,b17,13
Scotland,2021,b17,360
Whales,2021,b17,203
us,2021,b17,46
uy,2021,b17,315
vu,2021,b17,144
ve,2021,b17,4
vn,2021,b17,5
Wallis and Futuna,2021,b17,0
Location Not Recorded,2021,b17,8
ax,2020,b17,0
ag,2020,b17,0
ar,2020,b17,0
Aruba,2020,b17,0
au,2020,b17,0
at,2020,b17,0
bd,2020,b17,0
bb,2020,b17,0
bz,2020,b17,0
Bermuda,2020,b17,0
Bonaire,2020,b17,0
br,2020,b17,0
vg,2020,b17,0
bn,2020,b17,0
bi,2020,b17,0
cm,2020,b17,0
ca,2020,b17,0
ky,2020,b17,0
cl,2020,b17,0
cn,2020,b17,0
co,2020,b17,0
cr,2020,b17,0
hr,2020,b17,0
cy,2020,b17,0
dk,2020,b17,0
do,2020,b17,0
eg,2020,b17,0
ee,2020,b17,0
fi,2020,b17,0
fr,2020,b17,0
de,2020,b17,0
gh,2020,b17,0
gr,2020,b17,0
gd,2020,b17,0
Guam,2020,b17,0
gt,2020,b17,0
gy,2020,b17,0
hk,2020,b17,0
in,2020,b17,0
id,2020,b17,0
ie,2020,b17,0
il,2020,b17,0
it,2020,b17,0
jm,2020,b17,0
jp,2020,b17,0
ke,2020,b17,0
kw,2020,b17,0
Macao,2020,b17,0
mw,2020,b17,0
my,2020,b17,0
Maldives,2020,b17,0
Mauritius,2020,b17,0
mx,2020,b17,0
Montserrat,2020,b17,0
ma,2020,b17,0
mz,2020,b17,0
nl,2020,b17,0
nz,2020,b17,0
ni,2020,b17,0
ng,2020,b17,0
Northern Mariana Islands,2020,b17,0
no,2020,b17,0
om,2020,b17,0
pa,2020,b17,0
pe,2020,b17,0
ph,2020,b17,0
pl,2020,b17,0
pt,2020,b17,0
pr,2020,b17,0
ru,2020,b17,0
sa,2020,b17,0
sn,2020,b17,0
sc,2020,b17,0
sl,2020,b17,0
sg,2020,b17,0
Sint Eustatius,2020,b17,0
Sint Maarten,2020,b17,0
za,2020,b17,0
kr,2020,b17,0
es,2020,b17,0
lk,2020,b17,0
St Kitts & Nevis,2020,b17,0
St Lucia,2020,b17,0
sr,2020,b17,0
se,2020,b17,0
tw,2020,b17,0
tz,2020,b17,0
th,2020,b17,0
The Bahamas,2020,b17,0
tt,2020,b17,0
tr,2020,b17,0
Turks and Caicos Islands,2020,b17,0
U.S. Virgin Islands,2020,b17,0
ua,2020,b17,0
ae,2020,b17,0
gb,2020,b17,0
Channel Islands,2020,b17,0
England,2020,b17,0
Northern Ireland,2020,b17,0
Scotland,2020,b17,0
Wales,2020,b17,0
us,2020,b17,0
uy,2020,b17,0
vu,2020,b17,0
ve,2020,b17,0
vn,2020,b17,0
Location Not Recorded,2020,b17,0