pais_id,a√±o,basura_id,cantidad
ar,2023,b1,170
ar,2023,b2,68
ar,2023,b3,33
ar,2023,b4,32
ar,2023,b5,24
ar,2023,b6,12
ar,2023,b7,2
au,2023,b1,747
au,2023,b2,112
au,2023,b3,629
au,2023,b4,571
au,2023,b5,52
au,2023,b6,53
au,2023,b7,98
au,2023,b8,89
au,2023,b9,47
au,2023,b10,29
bd,2023,b1,7690
bd,2023,b2,89
bd,2023,b3,214
bd,2023,b4,2489
bd,2023,b5,1543
bd,2023,b6,1325
bd,2023,b7,3235
bd,2023,b8,1435
bd,2023,b9,93
bd,2023,b10,768
be,2023,b2,2
be,2023,b5,4
be,2023,b6,1
bz,2023,b1,451
bz,2023,b2,4992
bz,2023,b3,7106
bz,2023,b4,2166
bz,2023,b5,3068
bz,2023,b6,1717
bz,2023,b7,1004
bz,2023,b8,969
bz,2023,b9,693
bz,2023,b10,890
br,2023,b1,3655
br,2023,b2,1418
br,2023,b3,1470
br,2023,b4,2269
br,2023,b5,1049
br,2023,b6,1241
br,2023,b7,1289
br,2023,b8,248
br,2023,b9,265
br,2023,b10,616
bn,2023,b1,638
bn,2023,b2,3490
bn,2023,b3,542
bn,2023,b4,424
bn,2023,b5,233
bn,2023,b6,188
bn,2023,b7,125
bn,2023,b8,284
bn,2023,b9,65
bn,2023,b10,121
kh,2023,b1,54
kh,2023,b2,2144
kh,2023,b3,514
kh,2023,b4,472
kh,2023,b5,718
kh,2023,b6,94
kh,2023,b7,504
kh,2023,b8,146
kh,2023,b9,5
kh,2023,b10,517
cm,2023,b2,13364
cm,2023,b10,389
ca,2023,b1,84855
ca,2023,b2,5500
ca,2023,b3,13553
ca,2023,b4,17131
ca,2023,b5,2562
ca,2023,b6,2694
ca,2023,b7,3641
ca,2023,b8,2760
ca,2023,b9,181
ca,2023,b10,2467
cl,2023,b1,51759
cl,2023,b2,5773
cl,2023,b3,6287
cl,2023,b4,10890
cl,2023,b5,3821
cl,2023,b6,3704
cl,2023,b7,1953
cl,2023,b8,2900
cl,2023,b9,1719
cl,2023,b10,2334
cn,2023,b1,1678
cn,2023,b2,1508
cn,2023,b3,568
cn,2023,b4,933
cn,2023,b5,130
cn,2023,b6,721
cn,2023,b7,103
cn,2023,b8,409
cn,2023,b9,92
cn,2023,b10,374
co,2023,b1,438
co,2023,b2,149396
co,2023,b3,1455
co,2023,b4,987
co,2023,b5,12040
co,2023,b6,678
co,2023,b7,69
co,2023,b8,786
co,2023,b9,370
co,2023,b10,7110
cr,2023,b1,43
cr,2023,b2,141
cr,2023,b3,273
cr,2023,b4,506
cr,2023,b5,19
cr,2023,b6,97
cr,2023,b7,65
cr,2023,b8,2
cr,2023,b9,2
cr,2023,b10,49
cy,2023,b1,999
cy,2023,b2,46
cy,2023,b3,109
cy,2023,b4,60
cy,2023,b5,10
cy,2023,b6,1
cy,2023,b7,24
cy,2023,b8,3
cy,2023,b10,9
cz,2023,b1,18
cz,2023,b2,6
cz,2023,b4,2
cz,2023,b5,8
cz,2023,b6,6
cz,2023,b7,1
cz,2023,b8,1
cz,2023,b10,2
dk,2023,b1,16
dk,2023,b2,2
dk,2023,b3,2
dk,2023,b4,23
dk,2023,b5,2
dk,2023,b6,5
dk,2023,b7,2
dk,2023,b9,1
dk,2023,b10,6
do,2023,b1,68377
do,2023,b2,256041
do,2023,b3,170695
do,2023,b4,44815
do,2023,b5,42924
do,2023,b6,67557
do,2023,b7,134017
do,2023,b8,298109
do,2023,b9,250724
do,2023,b10,68728
ec,2023,b1,10471
ec,2023,b2,27897
ec,2023,b3,19784
ec,2023,b4,19325
ec,2023,b5,12919
ec,2023,b6,19201
ec,2023,b7,5020
ec,2023,b8,10997
ec,2023,b9,7161
ec,2023,b10,15238
eg,2023,b1,1
eg,2023,b3,1
eg,2023,b5,5
eg,2023,b10,1
fi,2023,b1,24125
fr,2023,b1,22
fr,2023,b2,152
fr,2023,b3,32
fr,2023,b4,51
fr,2023,b5,16
fr,2023,b6,74
fr,2023,b7,9
fr,2023,b8,11
fr,2023,b9,30
fr,2023,b10,5
gm,2023,b2,5033
gm,2023,b5,1
gm,2023,b9,79
gm,2023,b10,6402
de,2023,b1,118609
de,2023,b2,266
de,2023,b3,160
de,2023,b4,1759
de,2023,b5,108
de,2023,b6,45
de,2023,b7,77
de,2023,b8,474
de,2023,b9,50
de,2023,b10,54
gh,2023,b1,7184
gh,2023,b2,2142
gh,2023,b3,9315
gh,2023,b4,1031
gh,2023,b5,724
gh,2023,b6,862
gh,2023,b7,9321
gh,2023,b8,1103
gh,2023,b9,188
gh,2023,b10,1228
gr,2023,b1,26015
gr,2023,b2,5224
gr,2023,b3,6726
gr,2023,b4,2131
gr,2023,b5,2240
gr,2023,b6,1435
gr,2023,b7,6075
gr,2023,b8,1466
gr,2023,b9,535
gr,2023,b10,1929
gt,2023,b2,100
gt,2023,b3,12
gt,2023,b4,80
gt,2023,b6,15
gt,2023,b8,15
gy,2023,b1,268
gy,2023,b2,981
gy,2023,b3,207
gy,2023,b4,225
gy,2023,b5,186
gy,2023,b6,265
gy,2023,b7,313
gy,2023,b8,493
gy,2023,b9,215
gy,2023,b10,318
hn,2023,b1,3
hn,2023,b2,26
hn,2023,b3,46
hn,2023,b4,251
hn,2023,b5,12
hn,2023,b6,24
hn,2023,b7,57
hn,2023,b8,1
hn,2023,b9,1
hn,2023,b10,12
in,2023,b1,105
in,2023,b2,244
in,2023,b3,133
in,2023,b4,114
in,2023,b5,131
in,2023,b6,117
in,2023,b7,86
in,2023,b8,57
in,2023,b9,90
in,2023,b10,76
id,2023,b1,10473
id,2023,b2,4745
id,2023,b3,4104
id,2023,b4,4583
id,2023,b5,2518
id,2023,b6,3958
id,2023,b7,2971
id,2023,b8,1179
id,2023,b9,1067
id,2023,b10,1653
ie,2023,b1,4942
ie,2023,b2,3949
ie,2023,b3,3881
ie,2023,b4,5347
ie,2023,b5,1274
ie,2023,b6,1072
ie,2023,b7,506
ie,2023,b8,1333
ie,2023,b9,250
ie,2023,b10,261
il,2023,b2,163
il,2023,b3,24
il,2023,b4,109
il,2023,b5,964
il,2023,b6,21
il,2023,b7,6
il,2023,b8,50
il,2023,b9,118
it,2023,b1,8461
it,2023,b2,942
it,2023,b3,1073
it,2023,b4,384
it,2023,b5,240
it,2023,b6,182
it,2023,b7,536
it,2023,b8,370
it,2023,b9,96
it,2023,b10,368
jm,2023,b1,8095
jm,2023,b2,199639
jm,2023,b3,122182
jm,2023,b4,45405
jm,2023,b5,10591
jm,2023,b6,23104
jm,2023,b7,3886
jm,2023,b8,10314
jm,2023,b9,16002
jm,2023,b10,70876
jp,2023,b1,8306
jp,2023,b2,6896
jp,2023,b3,6222
jp,2023,b4,5070
jp,2023,b5,1399
jp,2023,b6,3190
jp,2023,b7,1412
jp,2023,b8,3448
jp,2023,b9,529
jp,2023,b10,1367
jo,2023,b3,6
jo,2023,b7,4
jo,2023,b8,1
jo,2023,b9,1
jo,2023,b10,5
ke,2023,b1,282
ke,2023,b2,4035
ke,2023,b3,10712
ke,2023,b4,9485
ke,2023,b5,530
ke,2023,b6,775
ke,2023,b7,1091
ke,2023,b8,1143
ke,2023,b9,184
ke,2023,b10,671
lv,2023,b1,6
lv,2023,b2,18
lv,2023,b3,2
lv,2023,b4,11
lv,2023,b5,8
lv,2023,b6,10
lv,2023,b8,12
lv,2023,b9,2
lv,2023,b10,3
lt,2023,b1,163
lt,2023,b2,6
lt,2023,b3,20
lt,2023,b4,31
lt,2023,b5,28
lt,2023,b6,42
lt,2023,b7,9
lt,2023,b8,10
lt,2023,b9,6
lt,2023,b10,11
mw,2023,b2,2063
mw,2023,b3,2110
mw,2023,b4,720
mw,2023,b5,366
mw,2023,b6,61
mw,2023,b7,185
mw,2023,b8,88
mw,2023,b9,4
mw,2023,b10,102
my,2023,b1,53383
my,2023,b2,60023
my,2023,b3,20219
my,2023,b4,15364
my,2023,b5,21245
my,2023,b6,23243
my,2023,b7,12157
my,2023,b8,5909
my,2023,b9,6022
my,2023,b10,12225
mx,2023,b1,12822
mx,2023,b2,7458
mx,2023,b3,8100
mx,2023,b4,3253
mx,2023,b5,4747
mx,2023,b6,2798
mx,2023,b7,1444
mx,2023,b8,862
mx,2023,b9,1039
mx,2023,b10,1269
ma,2023,b1,325
ma,2023,b2,273
ma,2023,b3,301
ma,2023,b4,168
ma,2023,b5,126
ma,2023,b6,176
ma,2023,b7,114
ma,2023,b8,40
ma,2023,b9,89
ma,2023,b10,130
mz,2023,b1,131
mz,2023,b2,174
mz,2023,b3,267
mz,2023,b4,77
mz,2023,b5,51
mz,2023,b6,75
mz,2023,b7,90
mz,2023,b8,11
mz,2023,b9,7
mz,2023,b10,51
np,2023,b2,1
np,2023,b3,1
np,2023,b5,2
np,2023,b7,3
np,2023,b9,1
nl,2023,b1,52
nl,2023,b2,9
nl,2023,b3,11
nl,2023,b4,62
nl,2023,b5,8
nl,2023,b6,27
nl,2023,b7,13
nl,2023,b8,1
nl,2023,b9,3
nl,2023,b10,7
nz,2023,b1,1549
nz,2023,b2,210
nz,2023,b3,2830
nz,2023,b4,3536
nz,2023,b5,11
nz,2023,b6,513
nz,2023,b7,536
nz,2023,b8,673
nz,2023,b9,222
nz,2023,b10,5
ni,2023,b1,1
ni,2023,b2,2165
ni,2023,b3,935
ni,2023,b4,147
ni,2023,b5,172
ni,2023,b6,6
ni,2023,b7,6
ni,2023,b8,26
ni,2023,b9,9
ni,2023,b10,39
ng,2023,b1,563
ng,2023,b2,1281
ng,2023,b3,752
ng,2023,b4,1432
ng,2023,b5,1448
ng,2023,b6,928
ng,2023,b7,600
ng,2023,b8,683
ng,2023,b9,549
ng,2023,b10,785
no,2023,b1,10060
no,2023,b2,552
no,2023,b3,11
no,2023,b4,2693
no,2023,b5,412
no,2023,b6,401
no,2023,b7,367
no,2023,b8,551
no,2023,b9,4
no,2023,b10,9
pk,2023,b1,3
pk,2023,b2,1
pk,2023,b3,2
pk,2023,b6,1
pa,2023,b1,51
pa,2023,b2,4797
pa,2023,b3,658
pa,2023,b4,182
pa,2023,b5,362
pa,2023,b6,173
pa,2023,b7,29
pa,2023,b8,61
pa,2023,b9,20
pa,2023,b10,48
pe,2023,b1,4824
pe,2023,b2,4408
pe,2023,b3,3852
pe,2023,b4,16418
pe,2023,b5,2473
pe,2023,b6,2815
pe,2023,b7,479
pe,2023,b8,3753
pe,2023,b9,2274
pe,2023,b10,1003
ph,2023,b1,78780
ph,2023,b2,243163
ph,2023,b3,108860
ph,2023,b4,263375
ph,2023,b5,340115
ph,2023,b6,211739
ph,2023,b7,87679
ph,2023,b8,37831
ph,2023,b9,43381
ph,2023,b10,145825
pl,2023,b1,9
pl,2023,b2,183
pl,2023,b3,54
pl,2023,b4,83
pl,2023,b5,133
pl,2023,b6,145
pl,2023,b7,6
pl,2023,b8,9
pl,2023,b9,36
pl,2023,b10,26
pt,2023,b1,8727
pt,2023,b2,997
pt,2023,b3,583
pt,2023,b4,1341
pt,2023,b5,360
pt,2023,b6,315
pt,2023,b7,463
pt,2023,b8,295
pt,2023,b9,176
pt,2023,b10,102
pr,2023,b1,37649
pr,2023,b2,27315
pr,2023,b3,28383
pr,2023,b4,9868
pr,2023,b5,5277
pr,2023,b6,10976
pr,2023,b7,20164
pr,2023,b8,2038
pr,2023,b9,6686
pr,2023,b10,11537
sa,2023,b1,60
sa,2023,b2,21
sa,2023,b3,92
sa,2023,b4,2
sa,2023,b5,18
sa,2023,b6,33
sa,2023,b7,8
sa,2023,b8,2
sa,2023,b9,1
sa,2023,b10,2
sg,2023,b1,1037
sg,2023,b2,1884
sg,2023,b3,777
sg,2023,b4,1742
sg,2023,b5,1707
sg,2023,b6,2324
sg,2023,b7,1547
sg,2023,b8,556
sg,2023,b9,241
sg,2023,b10,673
si,2023,b1,9197
si,2023,b2,44
si,2023,b3,184
si,2023,b4,243
si,2023,b5,127
si,2023,b6,13
si,2023,b7,33
si,2023,b8,242
si,2023,b9,54
si,2023,b10,46
sb,2023,b1,4
sb,2023,b2,967
sb,2023,b3,206
sb,2023,b4,1235
sb,2023,b6,258
sb,2023,b7,7
sb,2023,b8,13
sb,2023,b9,46
za,2023,b1,1045
za,2023,b2,133
za,2023,b3,176
za,2023,b4,120
za,2023,b5,40
za,2023,b6,145
za,2023,b7,86
za,2023,b8,21
za,2023,b9,52
za,2023,b10,18
kr,2023,b1,7528
kr,2023,b2,2817
kr,2023,b3,2074
kr,2023,b4,3497
kr,2023,b5,2036
kr,2023,b6,1084
kr,2023,b7,938
kr,2023,b8,547
kr,2023,b9,589
kr,2023,b10,535
es,2023,b1,109624
es,2023,b2,2941
es,2023,b3,3811
es,2023,b4,4787
es,2023,b5,1398
es,2023,b6,1225
es,2023,b7,1928
es,2023,b8,2392
es,2023,b9,597
es,2023,b10,2147
lk,2023,b1,1512
lk,2023,b2,6535
lk,2023,b3,3543
lk,2023,b4,4166
lk,2023,b5,2372
lk,2023,b6,1798
lk,2023,b7,1841
lk,2023,b8,1367
lk,2023,b9,793
lk,2023,b10,1173
se,2023,b2,2
se,2023,b6,1
se,2023,b10,2
ch,2023,b1,2383
ch,2023,b2,99
ch,2023,b3,86
ch,2023,b4,213
ch,2023,b5,18
ch,2023,b6,39
ch,2023,b7,17
ch,2023,b8,5
ch,2023,b9,23
ch,2023,b10,29
tw,2023,b1,9694
tw,2023,b2,36565
tw,2023,b3,26336
tw,2023,b4,3742
tw,2023,b5,8055
tw,2023,b6,105
tw,2023,b7,12241
tw,2023,b8,4572
tw,2023,b9,134
tw,2023,b10,6265
tz,2023,b1,272
tz,2023,b2,2456
tz,2023,b3,1425
tz,2023,b4,2465
tz,2023,b5,156
tz,2023,b6,1882
tz,2023,b7,346
tz,2023,b8,113
tz,2023,b9,101
tz,2023,b10,162
th,2023,b1,715875
th,2023,b2,5727
th,2023,b3,15335
th,2023,b4,14390
th,2023,b5,837
th,2023,b6,31807
th,2023,b7,15660
th,2023,b8,2406
th,2023,b9,238
th,2023,b10,8663
tt,2023,b1,3564
tt,2023,b2,69615
tt,2023,b3,13011
tt,2023,b4,6757
tt,2023,b5,2483
tt,2023,b6,4910
tt,2023,b7,1633
tt,2023,b8,2505
tt,2023,b9,2917
tt,2023,b10,4881
tr,2023,b1,39
tr,2023,b2,282
tr,2023,b3,87
tr,2023,b4,124
tr,2023,b5,226
tr,2023,b6,39
tr,2023,b7,22
tr,2023,b8,3
tr,2023,b9,13
tr,2023,b10,50
ug,2023,b1,54
ug,2023,b2,549
ug,2023,b3,32
ug,2023,b4,92
ug,2023,b5,221
ug,2023,b6,115
ug,2023,b7,38
ug,2023,b8,83
ug,2023,b9,1
ug,2023,b10,42
ae,2023,b1,2489
ae,2023,b2,2894
ae,2023,b3,993
ae,2023,b4,871
ae,2023,b5,669
ae,2023,b6,645
ae,2023,b7,287
ae,2023,b8,200
ae,2023,b9,531
ae,2023,b10,431
gb,2023,b1,11480
gb,2023,b2,1279
gb,2023,b3,2889
gb,2023,b4,12594
gb,2023,b5,1834
gb,2023,b6,2800
gb,2023,b7,1171
gb,2023,b8,30
gb,2023,b9,323
gb,2023,b10,79
us,2023,b1,385285
us,2023,b2,99687
us,2023,b3,165590
us,2023,b4,172741
us,2023,b5,37890
us,2023,b6,54611
us,2023,b7,61396
us,2023,b8,20820
us,2023,b9,20797
us,2023,b10,31785
uy,2023,b2,41
uy,2023,b3,16
uy,2023,b4,13
uy,2023,b5,3
uy,2023,b6,18
uy,2023,b8,4
uy,2023,b9,2
uy,2023,b10,6
vu,2023,b1,40
vu,2023,b2,168
vu,2023,b3,104
vu,2023,b4,398
vu,2023,b5,59
vu,2023,b6,38
vu,2023,b7,14
vu,2023,b8,56
vu,2023,b9,2
vu,2023,b10,6
ve,2023,b1,26580
ve,2023,b2,41467
ve,2023,b3,35629
ve,2023,b4,23900
ve,2023,b5,17297
ve,2023,b6,11857
ve,2023,b7,11929
ve,2023,b8,8493
ve,2023,b9,4554
ve,2023,b10,18487
vn,2023,b1,384
vn,2023,b2,1414
vn,2023,b3,885
vn,2023,b4,673
vn,2023,b5,4178
vn,2023,b6,205
vn,2023,b7,1366
vn,2023,b8,1012
vn,2023,b9,384
vn,2023,b10,1267
ao,2022,b1,1
ao,2022,b2,3
ao,2022,b3,2
ao,2022,b5,4
ao,2022,b6,1
ao,2022,b8,1
au,2022,b1,4833
au,2022,b2,1134
au,2022,b3,1462
au,2022,b4,4841
au,2022,b5,408
au,2022,b6,416
au,2022,b7,866
au,2022,b8,21
au,2022,b9,12
bd,2022,b1,17147
bd,2022,b2,7221
bd,2022,b3,6292
bd,2022,b4,23815
bd,2022,b5,1991
bd,2022,b6,2254
bd,2022,b7,3061
bd,2022,b8,10430
bd,2022,b9,171
bz,2022,b1,931
bz,2022,b2,5860
bz,2022,b3,5176
bz,2022,b4,4790
bz,2022,b5,3078
bz,2022,b6,2937
bz,2022,b7,1518
bz,2022,b8,1906
bz,2022,b9,1240
br,2022,b1,702
br,2022,b2,1931
br,2022,b3,512
br,2022,b4,908
br,2022,b5,384
br,2022,b6,718
br,2022,b7,582
br,2022,b8,671
br,2022,b9,93
bn,2022,b1,136
bn,2022,b2,1581
bn,2022,b3,187
bn,2022,b4,161
bn,2022,b5,172
bn,2022,b6,79
bn,2022,b7,59
bn,2022,b8,359
bn,2022,b9,43
cm,2022,b1,3407
cm,2022,b2,21409
cm,2022,b3,2653
cm,2022,b4,2778
cm,2022,b5,1349
cm,2022,b6,498
cm,2022,b7,1465
cm,2022,b8,17742
cm,2022,b9,711
ca,2022,b1,280873
ca,2022,b2,8176
ca,2022,b3,13159
ca,2022,b4,18287
ca,2022,b5,360
ca,2022,b6,5910
ca,2022,b7,4637
ca,2022,b8,2329
ca,2022,b9,169
cl,2022,b1,40825
cl,2022,b2,7693
cl,2022,b3,6874
cl,2022,b4,8062
cl,2022,b5,5114
cl,2022,b6,3894
cl,2022,b7,2176
cl,2022,b8,4654
cl,2022,b9,1023
cn,2022,b1,4353
cn,2022,b2,441
cn,2022,b3,198
cn,2022,b4,301
cn,2022,b5,399
cn,2022,b6,102
cn,2022,b7,92
cn,2022,b8,143
cn,2022,b9,69
co,2022,b1,518
co,2022,b2,5923
co,2022,b3,359
co,2022,b4,272
co,2022,b5,409
co,2022,b6,595
co,2022,b7,46
co,2022,b8,379
co,2022,b9,1
cr,2022,b1,41
cr,2022,b2,64
cr,2022,b3,101
cr,2022,b4,361
cr,2022,b5,27
cr,2022,b6,33
cr,2022,b7,77
cr,2022,b8,19
cr,2022,b9,2
hr,2022,b1,1059
hr,2022,b6,3
cy,2022,b1,239
cy,2022,b3,9
cy,2022,b4,4
cy,2022,b5,1
cy,2022,b6,2
cy,2022,b7,6
cy,2022,b8,1
do,2022,b1,80193
do,2022,b2,240577
do,2022,b3,160384
do,2022,b4,42099
do,2022,b5,40097
do,2022,b6,80193
do,2022,b7,126318
do,2022,b8,601441
do,2022,b9,240576
ec,2022,b1,11535
ec,2022,b2,23730
ec,2022,b3,11044
ec,2022,b4,16708
ec,2022,b5,12456
ec,2022,b6,9959
ec,2022,b7,5173
ec,2022,b8,15757
ec,2022,b9,6453
eg,2022,b1,15
eg,2022,b2,14
eg,2022,b3,5
eg,2022,b4,6
eg,2022,b5,4
eg,2022,b6,12
eg,2022,b8,48
eg,2022,b9,5
fi,2022,b1,27353
fr,2022,b1,7734
fr,2022,b2,366
fr,2022,b3,209
fr,2022,b4,359
fr,2022,b5,201
fr,2022,b6,841
fr,2022,b7,74
fr,2022,b8,404
fr,2022,b9,129
gm,2022,b1,4
gm,2022,b2,3991
gm,2022,b5,19
gm,2022,b6,1584
gm,2022,b8,22
gm,2022,b9,1254
de,2022,b1,917
de,2022,b2,12
de,2022,b3,46
de,2022,b4,610
de,2022,b5,15
de,2022,b6,72
de,2022,b7,35
de,2022,b8,39
de,2022,b9,21
gh,2022,b1,56446
gh,2022,b2,34965
gh,2022,b3,2997
gh,2022,b4,999
gh,2022,b5,7962
gh,2022,b6,11456
gh,2022,b7,999
gh,2022,b8,1998
gh,2022,b9,999
gr,2022,b1,50195
gr,2022,b2,8869
gr,2022,b3,12797
gr,2022,b4,3024
gr,2022,b5,5089
gr,2022,b6,2101
gr,2022,b7,9674
gr,2022,b8,1598
gr,2022,b9,2499
is,2022,b1,33
is,2022,b2,39
is,2022,b3,39
is,2022,b4,70
is,2022,b5,54
is,2022,b6,31
is,2022,b7,105
is,2022,b8,91
is,2022,b9,14
in,2022,b1,30
in,2022,b2,76
in,2022,b3,73
in,2022,b4,100
in,2022,b5,39
in,2022,b6,27
in,2022,b7,62
in,2022,b8,39
in,2022,b9,28
id,2022,b1,25
id,2022,b2,395
id,2022,b3,177
id,2022,b4,2025
id,2022,b5,937
id,2022,b6,1583
id,2022,b7,318
id,2022,b8,247
id,2022,b9,13
ie,2022,b1,4059
ie,2022,b2,1708
ie,2022,b3,1433
ie,2022,b4,2587
ie,2022,b5,214
ie,2022,b6,511
ie,2022,b7,561
ie,2022,b8,964
ie,2022,b9,692
il,2022,b1,78
il,2022,b2,113
il,2022,b3,70
il,2022,b4,289
il,2022,b5,439
il,2022,b6,111
il,2022,b7,16
il,2022,b8,50
il,2022,b9,24
it,2022,b1,965
it,2022,b2,104
it,2022,b3,355
it,2022,b4,458
it,2022,b5,50
it,2022,b6,87
it,2022,b7,179
it,2022,b8,32
it,2022,b9,17
jm,2022,b1,3218
jm,2022,b2,138458
jm,2022,b3,49349
jm,2022,b4,15993
jm,2022,b5,4062
jm,2022,b6,13048
jm,2022,b7,2618
jm,2022,b8,11304
jm,2022,b9,6801
jp,2022,b1,6214
jp,2022,b2,5491
jp,2022,b3,5613
jp,2022,b4,5354
jp,2022,b5,1188
jp,2022,b6,2872
jp,2022,b7,1155
jp,2022,b8,4938
jp,2022,b9,198
ke,2022,b1,58023
ke,2022,b2,50671
ke,2022,b3,26682
ke,2022,b4,73705
ke,2022,b5,2625
ke,2022,b6,10777
ke,2022,b7,5531
ke,2022,b8,8804
ke,2022,b9,864
my,2022,b1,62905
my,2022,b2,59947
my,2022,b3,19723
my,2022,b4,21008
my,2022,b5,23097
my,2022,b6,16970
my,2022,b7,14736
my,2022,b8,17672
my,2022,b9,7710
mx,2022,b1,275078
mx,2022,b2,10679
mx,2022,b3,15837
mx,2022,b4,4711
mx,2022,b5,4015
mx,2022,b6,5484
mx,2022,b7,2425
mx,2022,b8,2296
mx,2022,b9,1438
ma,2022,b1,5
nl,2022,b1,805
nl,2022,b2,31
nl,2022,b3,92
nl,2022,b4,633
nl,2022,b5,59
nl,2022,b6,38
nl,2022,b7,8
nl,2022,b8,24
nl,2022,b9,1
ni,2022,b1,77
ni,2022,b2,3566
ni,2022,b3,1268
ni,2022,b4,796
ni,2022,b5,413
ni,2022,b6,75
ni,2022,b7,154
ni,2022,b8,350
ni,2022,b9,321
ng,2022,b1,83
ng,2022,b2,5029
ng,2022,b3,3019
ng,2022,b4,2758
ng,2022,b5,1360
ng,2022,b6,1948
ng,2022,b7,489
ng,2022,b8,345
ng,2022,b9,1142
no,2022,b1,3246
no,2022,b2,1438
no,2022,b3,926
no,2022,b4,1535
no,2022,b5,533
no,2022,b6,191
no,2022,b7,231
no,2022,b8,352
no,2022,b9,80
om,2022,b1,9
om,2022,b2,537
om,2022,b3,12
om,2022,b4,3
om,2022,b5,274
om,2022,b6,131
om,2022,b7,3
om,2022,b8,9
om,2022,b9,3
pa,2022,b1,147
pa,2022,b2,5264
pa,2022,b3,2935
pa,2022,b4,841
pa,2022,b5,716
pa,2022,b6,792
pa,2022,b7,161
pa,2022,b8,929
pa,2022,b9,340
pe,2022,b1,4373
pe,2022,b2,11047
pe,2022,b3,14820
pe,2022,b4,12532
pe,2022,b5,39133
pe,2022,b6,21846
pe,2022,b7,9483
pe,2022,b8,9434
pe,2022,b9,3453
ph,2022,b1,50624
ph,2022,b2,166553
ph,2022,b3,88878
ph,2022,b4,387970
ph,2022,b5,307866
ph,2022,b6,236371
ph,2022,b7,40339
ph,2022,b8,76700
ph,2022,b9,98557
pl,2022,b1,10
pl,2022,b2,1
pl,2022,b3,1
pl,2022,b6,1
pl,2022,b7,3
pt,2022,b1,23175
pt,2022,b2,620
pt,2022,b3,1124
pt,2022,b4,1076
pt,2022,b5,391
pt,2022,b6,717
pt,2022,b7,1048
pt,2022,b8,269
pt,2022,b9,185
pr,2022,b1,21787
pr,2022,b2,26099
pr,2022,b3,23484
pr,2022,b4,8058
pr,2022,b5,4488
pr,2022,b6,7345
pr,2022,b7,16137
pr,2022,b8,5615
pr,2022,b9,4662
sl,2022,b1,217
sl,2022,b2,239
sl,2022,b3,124
sl,2022,b4,141
sl,2022,b5,128
sl,2022,b6,125
sl,2022,b7,198
sl,2022,b8,126
sl,2022,b9,150
sg,2022,b1,2014
sg,2022,b2,2356
sg,2022,b3,1311
sg,2022,b4,3176
sg,2022,b5,1608
sg,2022,b6,2820
sg,2022,b7,1407
sg,2022,b8,1832
sg,2022,b9,1116
sb,2022,b1,108
sb,2022,b2,2114
sb,2022,b3,600
sb,2022,b4,68
sb,2022,b5,405
sb,2022,b6,400
sb,2022,b7,41
sb,2022,b8,398
sb,2022,b9,8
za,2022,b1,1348
za,2022,b2,486
za,2022,b3,769
za,2022,b4,727
za,2022,b5,194
za,2022,b6,673
za,2022,b7,2117
za,2022,b8,406
za,2022,b9,120
kr,2022,b1,16231
kr,2022,b2,9121
kr,2022,b3,6053
kr,2022,b4,6858
kr,2022,b5,4692
kr,2022,b6,2100
kr,2022,b7,2860
kr,2022,b8,3276
kr,2022,b9,1472
es,2022,b1,81154
es,2022,b2,1784
es,2022,b3,4805
es,2022,b4,5662
es,2022,b5,703
es,2022,b6,1061
es,2022,b7,1066
es,2022,b8,670
es,2022,b9,55
lk,2022,b1,3050
lk,2022,b2,18434
lk,2022,b3,6910
lk,2022,b4,7985
lk,2022,b5,8419
lk,2022,b6,4791
lk,2022,b7,3183
lk,2022,b8,1605
lk,2022,b9,910
se,2022,b1,114
se,2022,b2,2
se,2022,b3,5
se,2022,b4,16
se,2022,b6,2
se,2022,b7,1
se,2022,b8,1
tw,2022,b1,6719
tw,2022,b2,35027
tw,2022,b3,23282
tw,2022,b4,1899
tw,2022,b5,4756
tw,2022,b6,2044
tw,2022,b7,7556
tw,2022,b8,7439
tw,2022,b9,1042
tz,2022,b1,936
tz,2022,b2,2602
tz,2022,b3,3195
tz,2022,b4,7855
tz,2022,b5,1325
tz,2022,b6,346
tz,2022,b7,664
tz,2022,b8,579
tz,2022,b9,614
th,2022,b1,3535
th,2022,b2,27858
th,2022,b3,3433
th,2022,b4,20994
th,2022,b5,42908
th,2022,b6,19541
th,2022,b7,5334
th,2022,b8,4369
th,2022,b9,106
tt,2022,b1,1030
tt,2022,b2,16796
tt,2022,b3,4757
tt,2022,b4,2729
tt,2022,b5,932
tt,2022,b6,1888
tt,2022,b7,517
tt,2022,b8,2304
tt,2022,b9,623
tr,2022,b1,4000
tr,2022,b2,508
tr,2022,b3,51
tr,2022,b4,19
tr,2022,b5,1522
tr,2022,b6,255
tr,2022,b7,12
tr,2022,b8,35
tr,2022,b9,13
ug,2022,b1,360
ug,2022,b2,938
ug,2022,b3,1278
ug,2022,b4,7423
ug,2022,b5,85
ug,2022,b6,579
ug,2022,b7,838
ae,2022,b1,38913
ae,2022,b2,2942
ae,2022,b3,1035
ae,2022,b4,291
ae,2022,b5,738
ae,2022,b6,482
ae,2022,b7,139
ae,2022,b8,509
ae,2022,b9,230
gb,2022,b1,10363
gb,2022,b2,2119
gb,2022,b3,7930
gb,2022,b4,12635
gb,2022,b5,2305
gb,2022,b6,2647
gb,2022,b7,1108
gb,2022,b8,1163
gb,2022,b9,239
us,2022,b1,542951
us,2022,b2,116557
us,2022,b3,252783
us,2022,b4,211137
us,2022,b5,50046
us,2022,b6,62213
us,2022,b7,108482
us,2022,b8,43329
us,2022,b9,26082
uy,2022,b1,4
uy,2022,b2,123
uy,2022,b3,11
uy,2022,b4,25
uy,2022,b5,4
uy,2022,b6,13
uy,2022,b7,42
uy,2022,b8,5
uy,2022,b9,3
vu,2022,b1,29
vu,2022,b2,487
vu,2022,b3,343
vu,2022,b4,928
vu,2022,b5,64
vu,2022,b6,234
vu,2022,b7,78
vu,2022,b8,170
vu,2022,b9,14
ve,2022,b1,16613
ve,2022,b2,45219
ve,2022,b3,25748
ve,2022,b4,24778
ve,2022,b5,15389
ve,2022,b6,11902
ve,2022,b7,12021
ve,2022,b8,11525
ve,2022,b9,4644
vn,2022,b1,1130
vn,2022,b2,2524
vn,2022,b3,1095
vn,2022,b4,1389
vn,2022,b5,10743
vn,2022,b6,2434
vn,2022,b7,958
vn,2022,b8,3643
vn,2022,b9,377
ar,2021,b2,1
ar,2021,b3,93
ar,2021,b4,3
ar,2021,b5,4
au,2021,b1,4509
au,2021,b2,1143
au,2021,b3,33
au,2021,b4,4654
au,2021,b5,483
au,2021,b7,1564
au,2021,b10,18
az,2021,b2,2
bd,2021,b1,11870
bd,2021,b2,3278
bd,2021,b3,1124
bd,2021,b4,17650
bd,2021,b5,1345
bd,2021,b7,3860
bd,2021,b10,76
bz,2021,b1,135
bz,2021,b2,468
bz,2021,b3,441
bz,2021,b4,421
bz,2021,b5,1008
bz,2021,b7,201
bz,2021,b10,156
br,2021,b1,7056
br,2021,b2,2190
br,2021,b3,2096
br,2021,b4,2639
br,2021,b5,2335
br,2021,b7,912
br,2021,b10,1363
bg,2021,b2,12
bg,2021,b4,10
bg,2021,b5,19
bg,2021,b7,2
bg,2021,b10,13
kh,2021,b1,6
kh,2021,b2,17
kh,2021,b3,5
kh,2021,b4,16
kh,2021,b5,26
cm,2021,b1,4
ca,2021,b1,88513
ca,2021,b2,9559
ca,2021,b3,22816
ca,2021,b4,28984
ca,2021,b5,13001
ca,2021,b7,9160
ca,2021,b10,6728
cl,2021,b1,82269
cl,2021,b2,6257
cl,2021,b3,8544
cl,2021,b4,7598
cl,2021,b5,4199
cl,2021,b7,2002
cl,2021,b10,2150
cn,2021,b1,6243
cn,2021,b2,2752
cn,2021,b3,2142
cn,2021,b4,372
cn,2021,b5,2134
cn,2021,b7,381
cn,2021,b10,18
co,2021,b1,45
co,2021,b2,1950
co,2021,b3,2247
co,2021,b4,408
co,2021,b5,345
co,2021,b7,75
co,2021,b10,1987
cr,2021,b1,2
cr,2021,b2,54
cr,2021,b3,31
cr,2021,b4,14
cr,2021,b5,3
cr,2021,b7,2
cr,2021,b10,7
hr,2021,b1,3016
hr,2021,b2,4
hr,2021,b3,83
hr,2021,b4,13
hr,2021,b5,3
hr,2021,b7,4
cy,2021,b1,375
cy,2021,b2,161
cy,2021,b3,78
cy,2021,b4,128
cy,2021,b5,52
cy,2021,b7,49
cy,2021,b10,37
cz,2021,b2,2
cz,2021,b4,2
do,2021,b1,314
do,2021,b2,18
do,2021,b3,92
do,2021,b4,23
do,2021,b5,10
do,2021,b7,31
do,2021,b10,18
ec,2021,b1,8171
ec,2021,b2,18097
ec,2021,b3,10620
ec,2021,b4,27713
ec,2021,b5,14340
ec,2021,b7,7163
ec,2021,b10,16203
eg,2021,b1,88
eg,2021,b2,14
eg,2021,b3,1
eg,2021,b4,192
eg,2021,b5,35
eg,2021,b7,40
eg,2021,b10,3
sv,2021,b2,7
sv,2021,b3,7
sv,2021,b4,2
sv,2021,b5,4
sv,2021,b10,6
fi,2021,b1,3
fi,2021,b2,1
fi,2021,b4,13
fi,2021,b5,4
fr,2021,b1,5999
fr,2021,b2,578
fr,2021,b3,261
fr,2021,b4,606
fr,2021,b5,401
fr,2021,b7,142
fr,2021,b10,260
de,2021,b1,15911
de,2021,b2,198
de,2021,b3,776
de,2021,b4,3755
de,2021,b5,1197
de,2021,b7,391
de,2021,b10,213
gh,2021,b1,3173620
gh,2021,b2,2213556
gh,2021,b3,5815808
gh,2021,b4,6978955
gh,2021,b5,163922
gh,2021,b7,7473397
gh,2021,b10,5423026
gr,2021,b1,29559
gr,2021,b2,4181
gr,2021,b3,8379
gr,2021,b4,2219
gr,2021,b5,4557
gr,2021,b7,7846
gr,2021,b10,4501
gt,2021,b1,6
gt,2021,b2,29
gt,2021,b3,57
gt,2021,b4,15
gt,2021,b5,8
gt,2021,b7,10
gt,2021,b10,11
gy,2021,b1,16
gy,2021,b2,5324
gy,2021,b3,320
gy,2021,b4,283
gy,2021,b5,213
gy,2021,b7,37
gy,2021,b10,965
hu,2021,b1,2
hu,2021,b6,2
is,2021,b2,5
is,2021,b5,3
is,2021,b7,4
in,2021,b1,4
in,2021,b2,63
in,2021,b3,77
in,2021,b4,97
in,2021,b5,67
in,2021,b7,82
in,2021,b10,23
id,2021,b1,493
id,2021,b2,646
id,2021,b3,382
id,2021,b4,383
id,2021,b5,639
id,2021,b7,349
id,2021,b10,181
ir,2021,b1,1
ie,2021,b1,8941
ie,2021,b2,2292
ie,2021,b3,1467
ie,2021,b4,3338
ie,2021,b5,567
ie,2021,b7,531
ie,2021,b10,218
il,2021,b1,4
il,2021,b2,132
il,2021,b3,5
il,2021,b4,139
il,2021,b5,150
il,2021,b7,4
il,2021,b10,49
it,2021,b1,3050
it,2021,b2,322
it,2021,b3,600
it,2021,b4,419
it,2021,b5,182
it,2021,b7,314
it,2021,b10,165
jm,2021,b1,1314
jm,2021,b2,133656
jm,2021,b3,28373
jm,2021,b4,6950
jm,2021,b5,2064
jm,2021,b7,1323
jm,2021,b10,11374
jp,2021,b1,10489
jp,2021,b2,3964
jp,2021,b3,3647
jp,2021,b4,4328
jp,2021,b5,1130
jp,2021,b7,981
jp,2021,b10,512
kz,2021,b2,2
ke,2021,b1,494
ke,2021,b2,10865
ke,2021,b3,4875
ke,2021,b4,9270
ke,2021,b5,1796
ke,2021,b7,3537
ke,2021,b10,12308
my,2021,b1,2314
my,2021,b2,9951
my,2021,b3,2828
my,2021,b4,2509
my,2021,b5,2768
my,2021,b7,1251
my,2021,b10,674
mx,2021,b1,74146
mx,2021,b2,279252
mx,2021,b3,104114
mx,2021,b4,802381
mx,2021,b5,186358
mx,2021,b7,52435
mx,2021,b10,80269
mz,2021,b1,90
mz,2021,b2,359
mz,2021,b3,699
mz,2021,b4,15
mz,2021,b5,106
mz,2021,b7,91
mz,2021,b10,125
np,2021,b1,1
np,2021,b2,2
np,2021,b3,2
np,2021,b4,1
np,2021,b5,1
np,2021,b10,1
nl,2021,b1,2061
nl,2021,b2,267
nl,2021,b3,70
nl,2021,b4,418
nl,2021,b5,178
nl,2021,b7,166
nl,2021,b10,160
nz,2021,b3,3
nz,2021,b4,6
ni,2021,b1,226
ni,2021,b2,7140
ni,2021,b3,7718
ni,2021,b4,785
ni,2021,b5,1431
ni,2021,b7,742
ni,2021,b10,520
ng,2021,b1,130
ng,2021,b2,956
ng,2021,b3,1182
ng,2021,b4,188
ng,2021,b5,199
ng,2021,b7,263
ng,2021,b10,326
no,2021,b1,25562
no,2021,b2,4182
no,2021,b3,6524
no,2021,b4,7042
no,2021,b5,1218
no,2021,b7,734
no,2021,b10,78
pk,2021,b1,159
pk,2021,b2,24
pk,2021,b3,1
pk,2021,b4,5
pk,2021,b5,3
pk,2021,b7,32
pk,2021,b10,4
pa,2021,b1,228
pa,2021,b2,12658
pa,2021,b3,2125
pa,2021,b4,659
pa,2021,b5,1044
pa,2021,b7,211
pa,2021,b10,618
pe,2021,b1,1914
pe,2021,b2,2238
pe,2021,b3,2285
pe,2021,b4,6842
pe,2021,b5,3818
pe,2021,b7,606
pe,2021,b10,1447
ph,2021,b1,3505
ph,2021,b2,6323
ph,2021,b3,3396
ph,2021,b4,9322
ph,2021,b5,4988
ph,2021,b7,2172
ph,2021,b10,2532
pl,2021,b1,5
pl,2021,b2,4
pl,2021,b4,7
pl,2021,b10,1
pt,2021,b1,3659
pt,2021,b2,194
pt,2021,b3,152
pt,2021,b4,267
pt,2021,b5,184
pt,2021,b7,148
pt,2021,b10,74
pr,2021,b1,58207
pr,2021,b2,27946
pr,2021,b3,34587
pr,2021,b4,15391
pr,2021,b5,8669
pr,2021,b7,28590
pr,2021,b10,17730
ro,2021,b1,8
ro,2021,b2,2
ro,2021,b4,1
ro,2021,b5,2
ro,2021,b10,1
ru,2021,b1,123
ru,2021,b2,15
ru,2021,b3,76
ru,2021,b4,77
ru,2021,b5,17
ru,2021,b7,15
ru,2021,b10,9
sn,2021,b2,73
sn,2021,b3,3
sn,2021,b4,7
sn,2021,b5,14
sn,2021,b10,8
sg,2021,b1,5152
sg,2021,b2,706
sg,2021,b3,705
sg,2021,b4,1871
sg,2021,b5,1440
sg,2021,b7,1181
sg,2021,b10,398
si,2021,b1,17222
si,2021,b2,77
si,2021,b3,151
si,2021,b4,328
si,2021,b5,137
si,2021,b7,113
si,2021,b10,84
za,2021,b1,3964
za,2021,b2,1870
za,2021,b3,3538
za,2021,b4,3728
za,2021,b5,966
za,2021,b7,2504
za,2021,b10,461
kr,2021,b1,20793
kr,2021,b2,4824
kr,2021,b3,3137
kr,2021,b4,4454
kr,2021,b5,5882
kr,2021,b7,4098
kr,2021,b10,1941
es,2021,b1,26027
es,2021,b2,2763
es,2021,b3,4334
es,2021,b4,3544
es,2021,b5,2377
es,2021,b7,1286
es,2021,b10,1449
lk,2021,b1,58
lk,2021,b2,114
lk,2021,b3,13
lk,2021,b4,76
lk,2021,b5,25
lk,2021,b7,16
lk,2021,b10,3
ch,2021,b1,1
tw,2021,b1,2674
tw,2021,b2,23780
tw,2021,b3,20728
tw,2021,b4,1912
tw,2021,b5,4030
tw,2021,b7,7024
tw,2021,b10,3975
tz,2021,b1,4356
tz,2021,b2,7237
tz,2021,b3,4745
tz,2021,b4,12024
tz,2021,b5,2797
tz,2021,b7,586
tz,2021,b10,1142
th,2021,b1,1046
th,2021,b2,43544
th,2021,b3,3746
th,2021,b4,17305
th,2021,b5,35449
th,2021,b7,3703
th,2021,b10,4206
bs,2021,b1,85
bs,2021,b2,1192
bs,2021,b3,589
bs,2021,b4,360
bs,2021,b5,265
bs,2021,b7,149
bs,2021,b10,456
tt,2021,b1,27
tt,2021,b2,13878
tt,2021,b3,104
tt,2021,b4,94
tt,2021,b5,163
tt,2021,b7,8
tt,2021,b10,95
tr,2021,b1,3176
tr,2021,b2,99
tr,2021,b3,237
tr,2021,b4,170
tr,2021,b5,72
tr,2021,b7,10
tr,2021,b10,78
ua,2021,b1,20
ua,2021,b2,5
ua,2021,b4,5
ua,2021,b5,10
ua,2021,b7,3
ua,2021,b10,1
ae,2021,b1,3203
ae,2021,b2,3107
ae,2021,b3,1589
ae,2021,b4,800
ae,2021,b5,545
ae,2021,b7,201
ae,2021,b10,650
gb,2021,b1,17403
gb,2021,b2,2993
gb,2021,b3,8447
gb,2021,b4,14568
gb,2021,b5,1882
gb,2021,b7,1262
gb,2021,b10,2737
us,2021,b1,505035
us,2021,b2,126162
us,2021,b3,224444
us,2021,b4,274030
us,2021,b5,67489
us,2021,b7,91988
us,2021,b10,46233
uy,2021,b1,347
uy,2021,b2,1108
uy,2021,b3,484
uy,2021,b4,1624
uy,2021,b5,1262
uy,2021,b7,182
uy,2021,b10,315
vu,2021,b1,216
vu,2021,b2,846
vu,2021,b3,606
vu,2021,b4,2563
vu,2021,b5,75
vu,2021,b7,173
vu,2021,b10,144
ve,2021,b1,5672
ve,2021,b2,7133
ve,2021,b3,6310
ve,2021,b4,6457
ve,2021,b5,3678
ve,2021,b7,3848
ve,2021,b10,4782
vn,2021,b1,2
vn,2021,b2,2
vn,2021,b4,1
vn,2021,b5,1
vn,2021,b7,2
vn,2021,b10,5
au,2020,b1,5555
au,2020,b2,1608
au,2020,b3,20
au,2020,b4,8826
au,2020,b5,465
au,2020,b7,1912
au,2020,b8,48
bd,2020,b1,5132
bd,2020,b2,1170
bd,2020,b3,560
bd,2020,b4,7890
bd,2020,b5,459
bd,2020,b7,1232
bd,2020,b8,1780
bz,2020,b1,40
bz,2020,b2,58
bz,2020,b3,174
bz,2020,b4,134
bz,2020,b5,54
bz,2020,b7,48
bz,2020,b8,12
br,2020,b1,46
br,2020,b2,281
br,2020,b3,185
br,2020,b4,188
br,2020,b5,101
br,2020,b7,52
br,2020,b8,41
bn,2020,b1,108
bn,2020,b2,2816
bn,2020,b3,400
bn,2020,b4,293
bn,2020,b5,346
bn,2020,b7,126
bn,2020,b8,315
cm,2020,b1,1001
cm,2020,b2,1311
cm,2020,b3,12333
cm,2020,b4,3002
cm,2020,b8,30231
ca,2020,b1,75541
ca,2020,b2,6195
ca,2020,b3,10316
ca,2020,b4,18470
ca,2020,b5,6920
ca,2020,b7,4098
ca,2020,b8,2029
cl,2020,b1,991
cl,2020,b2,10
cl,2020,b3,48
cl,2020,b4,111
cl,2020,b5,41
cl,2020,b7,29
cl,2020,b8,14
cn,2020,b1,4
cn,2020,b2,3
cn,2020,b3,5
cn,2020,b4,4
cn,2020,b5,5
cn,2020,b7,5
cn,2020,b8,4
co,2020,b1,285
co,2020,b2,4970
co,2020,b3,1302
co,2020,b4,3261
co,2020,b5,673
co,2020,b7,590
co,2020,b8,1000
hr,2020,b2,10
hr,2020,b5,17
cy,2020,b1,158
cy,2020,b2,87
cy,2020,b4,16
cy,2020,b5,6
cy,2020,b7,31
cy,2020,b8,5
dk,2020,b1,144
dk,2020,b3,13
dk,2020,b4,126
dk,2020,b5,7
dk,2020,b7,9
dk,2020,b8,7
do,2020,b1,111
do,2020,b2,289
do,2020,b3,157
do,2020,b4,77
do,2020,b5,117
do,2020,b7,123
do,2020,b8,115
fi,2020,b5,1
fr,2020,b1,4
fr,2020,b2,1
fr,2020,b4,3
fr,2020,b5,2
fr,2020,b7,4
de,2020,b1,4229
de,2020,b2,26
de,2020,b3,81
de,2020,b4,462
de,2020,b5,64
de,2020,b7,80
de,2020,b8,49
gh,2020,b1,221001
gh,2020,b2,170987
gh,2020,b3,17127
gh,2020,b4,32506
gh,2020,b5,11582
gh,2020,b7,37540
gh,2020,b8,34487
gr,2020,b1,237
gr,2020,b2,175
gr,2020,b3,226
gr,2020,b4,70
gr,2020,b5,105
gr,2020,b7,150
gr,2020,b8,19
gt,2020,b2,247
gt,2020,b3,199
gt,2020,b4,2
gt,2020,b7,16
gt,2020,b8,24
gy,2020,b1,2
gy,2020,b2,3856
gy,2020,b3,889
gy,2020,b4,50
gy,2020,b5,50
gy,2020,b7,2
gy,2020,b8,12
in,2020,b1,145
in,2020,b2,64
in,2020,b3,276
in,2020,b4,160
in,2020,b5,37
in,2020,b7,36
in,2020,b8,65
id,2020,b1,13026
id,2020,b2,4870
id,2020,b3,2855
id,2020,b4,7321
id,2020,b5,4435
id,2020,b7,4457
id,2020,b8,2739
ie,2020,b1,154
ie,2020,b2,199
ie,2020,b3,90
ie,2020,b4,197
ie,2020,b5,67
ie,2020,b7,10
ie,2020,b8,72
il,2020,b1,3722
il,2020,b2,432
il,2020,b3,396
il,2020,b4,947
il,2020,b5,1192
il,2020,b7,57
il,2020,b8,305
it,2020,b1,10110
it,2020,b2,1193
it,2020,b3,820
it,2020,b4,777
it,2020,b5,234
it,2020,b7,270
it,2020,b8,365
jm,2020,b1,456
jm,2020,b2,16821
jm,2020,b3,8618
jm,2020,b4,2789
jm,2020,b5,2430
jm,2020,b7,451
jm,2020,b8,918
jp,2020,b1,4774
jp,2020,b2,4746
jp,2020,b3,4194
jp,2020,b4,3670
jp,2020,b5,1721
jp,2020,b7,1102
jp,2020,b8,3946
ke,2020,b1,16856
ke,2020,b2,33661
ke,2020,b3,35675
ke,2020,b4,45984
ke,2020,b5,1725
ke,2020,b7,4324
ke,2020,b8,5049
kw,2020,b1,14
kw,2020,b2,9
kw,2020,b3,1
kw,2020,b4,5
kw,2020,b5,5
kw,2020,b7,1
kw,2020,b8,11
mw,2020,b1,36
mw,2020,b2,104
mw,2020,b3,224
mw,2020,b4,17
mw,2020,b5,52
mw,2020,b7,25
mw,2020,b8,9
my,2020,b1,23797
my,2020,b2,30291
my,2020,b3,10008
my,2020,b4,13858
my,2020,b5,9730
my,2020,b7,7090
my,2020,b8,5643
mx,2020,b1,8969
mx,2020,b2,5612
mx,2020,b3,5426
mx,2020,b4,2537
mx,2020,b5,2934
mx,2020,b7,871
mx,2020,b8,1042
ma,2020,b1,1000
ma,2020,b3,200
ma,2020,b4,19
mz,2020,b1,116
mz,2020,b2,820
mz,2020,b3,2806
mz,2020,b4,127
mz,2020,b5,64
mz,2020,b7,62
mz,2020,b8,51
nl,2020,b1,102
nl,2020,b2,48
nl,2020,b3,7
nl,2020,b4,26
nl,2020,b5,49
nl,2020,b7,9
nl,2020,b8,8
nz,2020,b2,7
nz,2020,b3,2
nz,2020,b4,35
nz,2020,b5,8
nz,2020,b7,6
nz,2020,b8,5
ni,2020,b1,1266
ni,2020,b2,9327
ni,2020,b3,5590
ni,2020,b4,2859
ni,2020,b5,3634
ni,2020,b7,1001
ni,2020,b8,482
ng,2020,b1,20
ng,2020,b2,588
ng,2020,b3,597
ng,2020,b4,437
ng,2020,b5,388
ng,2020,b7,65
ng,2020,b8,66
no,2020,b1,2596
no,2020,b2,4901
no,2020,b3,2561
no,2020,b4,4009
no,2020,b5,1948
no,2020,b7,784
no,2020,b8,1322
pe,2020,b1,115
pe,2020,b2,241
pe,2020,b3,131
pe,2020,b4,169
pe,2020,b5,189
pe,2020,b7,27
pe,2020,b8,32
ph,2020,b1,14705
ph,2020,b2,56554
ph,2020,b3,29751
ph,2020,b4,113402
ph,2020,b5,86114
ph,2020,b7,38816
ph,2020,b8,51650
pl,2020,b3,6
pl,2020,b4,14
pl,2020,b5,2
pl,2020,b7,2
pt,2020,b1,18892
pt,2020,b2,410
pt,2020,b3,1165
pt,2020,b4,2006
pt,2020,b5,204
pt,2020,b7,531
pt,2020,b8,229
pr,2020,b1,12011
pr,2020,b2,8076
pr,2020,b3,8732
pr,2020,b4,4563
pr,2020,b5,2332
pr,2020,b7,7728
pr,2020,b8,1962
ru,2020,b1,15
ru,2020,b3,10
ru,2020,b4,14
ru,2020,b7,5
sa,2020,b1,16
sa,2020,b2,8
sa,2020,b3,2
sa,2020,b4,2
sa,2020,b5,2
sa,2020,b8,2
sn,2020,b2,517
sn,2020,b4,426
sn,2020,b5,313
sn,2020,b7,1
sn,2020,b8,28
sl,2020,b1,162
sl,2020,b2,150
sl,2020,b3,51
sl,2020,b4,62
sl,2020,b5,145
sl,2020,b7,122
sl,2020,b8,49
sg,2020,b1,1282
sg,2020,b2,62
sg,2020,b3,202
sg,2020,b4,299
sg,2020,b5,109
sg,2020,b7,275
sg,2020,b8,96
za,2020,b1,6538
za,2020,b2,9171
za,2020,b3,13067
za,2020,b4,6673
za,2020,b5,2646
za,2020,b7,8915
za,2020,b8,1585
kr,2020,b1,16991
kr,2020,b2,3567
kr,2020,b3,2230
kr,2020,b4,3724
kr,2020,b5,5758
kr,2020,b7,1699
kr,2020,b8,2046
es,2020,b1,15403
es,2020,b2,1471
es,2020,b3,3299
es,2020,b4,2434
es,2020,b5,1179
es,2020,b7,938
es,2020,b8,799
lk,2020,b1,2895
lk,2020,b2,27400
lk,2020,b3,5781
lk,2020,b4,13132
lk,2020,b5,7990
lk,2020,b7,2793
lk,2020,b8,1489
sr,2020,b1,9
sr,2020,b2,260
sr,2020,b3,65
se,2020,b1,132
se,2020,b2,360
se,2020,b3,154
se,2020,b4,260
se,2020,b5,78
se,2020,b7,58
se,2020,b8,33
tw,2020,b1,6875
tw,2020,b2,27969
tw,2020,b3,28106
tw,2020,b4,3600
tw,2020,b5,5746
tw,2020,b7,9279
tw,2020,b8,6475
tz,2020,b1,254
tz,2020,b2,2239
tz,2020,b3,1773
tz,2020,b4,951
tz,2020,b5,649
tz,2020,b7,634
tz,2020,b8,312
th,2020,b1,1238
th,2020,b2,11719
th,2020,b3,3981
th,2020,b4,7196
th,2020,b5,14177
th,2020,b7,4079
th,2020,b8,3779
bs,2020,b1,34
bs,2020,b2,311
bs,2020,b3,326
bs,2020,b4,64
bs,2020,b5,58
bs,2020,b7,61
bs,2020,b8,39
tt,2020,b1,758
tt,2020,b2,2060
tt,2020,b3,755
tt,2020,b4,685
tt,2020,b5,759
tt,2020,b7,909
tt,2020,b8,1214
tr,2020,b1,10707
tr,2020,b2,257
tr,2020,b3,604
tr,2020,b4,450
tr,2020,b5,289
tr,2020,b7,64
tr,2020,b8,613
ae,2020,b1,151
ae,2020,b2,822
ae,2020,b3,798
ae,2020,b4,127
ae,2020,b5,126
ae,2020,b7,38
ae,2020,b8,101
gb,2020,b1,6847
gb,2020,b2,2450
gb,2020,b3,6994
gb,2020,b4,10954
gb,2020,b5,1589
gb,2020,b7,57
gb,2020,b8,2457
us,2020,b1,377460
us,2020,b2,87982
us,2020,b3,129885
us,2020,b4,185163
us,2020,b5,66830
us,2020,b7,60876
us,2020,b8,38664
uy,2020,b1,9483
uy,2020,b2,3114
uy,2020,b3,4301
uy,2020,b4,2869
uy,2020,b5,2965
uy,2020,b7,1104
uy,2020,b8,1176
vu,2020,b1,61
vu,2020,b2,657
vu,2020,b3,43
vu,2020,b4,756
vu,2020,b5,73
vu,2020,b7,56
vu,2020,b8,46
ve,2020,b1,24
ve,2020,b2,14
ve,2020,b3,77
ve,2020,b4,30
ve,2020,b5,32
ve,2020,b7,307
ve,2020,b8,4
vn,2020,b1,295
vn,2020,b2,340
vn,2020,b3,717
vn,2020,b4,989
vn,2020,b5,1226
vn,2020,b7,748
vn,2020,b8,640